timestamp,key
0,77
1,3
2,12
3,1
4,1
5,180
6,766
7,1
8,6
9,24
10,3
11,2
12,242
13,3
14,15
15,780
16,1
17,3
18,4
19,1
20,17
21,320
22,3
23,22
24,1
25,5
26,1
27,7
28,283
29,26
30,2
31,73
32,1
33,1
34,26
35,102
36,1
37,33
38,33
39,2
40,98
41,9
42,5
43,10
44,43
45,3
46,3
47,1
48,1
49,1
50,395
51,1
52,4
53,1
54,2
55,2
56,5
57,2
58,6
59,1
60,1
61,2
62,1
63,1
64,44
65,2
66,1
67,1
68,530
69,4
70,1030
71,7
72,2
73,84
74,6
75,5
76,14
77,30
78,1848
79,7
80,24
81,766
82,199
83,4
84,3
85,1
86,513
87,24
88,2
89,1
90,1
91,1
92,4
93,1
94,1
95,23
96,1
97,1591
98,1
99,5
100,6
101,10
102,6
103,1
104,1
105,3
106,1
107,2
108,1
109,1
110,66
111,29
112,3
113,1
114,6
115,68
116,5
117,1
118,1
119,5
120,1877
121,1
122,7
123,6
124,1
125,271
126,521
127,99
128,1
129,228
130,90
131,273
132,6
133,1
134,82
135,433
136,1126
137,1
138,5
139,4
140,669
141,6
142,8
143,3
144,12
145,2561
146,5
147,2
148,6
149,1
150,182
151,20
152,2
153,2
154,90
155,1
156,31
157,271
158,5
159,142
160,3
161,1
162,16
163,32
164,2
165,8
166,22
167,2
168,1
169,1
170,3
171,5
172,1
173,1
174,3
175,2
176,12
177,1
178,18
179,2
180,1
181,11
182,1
183,447
184,1
185,170
186,12
187,16
188,3
189,16
190,1
191,6
192,1
193,5
194,2
195,1
196,1
197,30
198,5
199,145
200,11
201,1
202,6
203,1
204,1
205,6
206,1
207,4
208,2
209,10
210,9
211,3
212,96
213,3
214,10
215,1
216,104
217,2
218,188
219,1
220,1
221,6
222,3
223,1
224,4
225,4
226,198
227,4
228,1
229,8
230,1
231,16
232,2
233,6
234,1
235,8
236,19
237,1
238,41
239,1
240,66
241,1
242,4
243,7
244,1
245,36
246,2
247,4
248,21
249,233
250,7
251,20
252,4
253,1720
254,1
255,5
256,19
257,4
258,1
259,1
260,1
261,1
262,16
263,1
264,166
265,181
266,19
267,104
268,9
269,1
270,1
271,1
272,7
273,1
274,44
275,11
276,3
277,443
278,6
279,213
280,5
281,575
282,1
283,4
284,2
285,3792
286,4
287,2
288,1
289,3
290,21
291,146
292,96
293,3
294,1
295,6
296,8
297,1
298,3
299,21
300,66
301,1
302,53
303,4
304,14
305,2
306,2
307,2
308,3
309,8
310,45
311,31
312,1
313,1
314,1
315,71
316,1
317,2
318,1
319,3
320,1
321,5
322,14
323,1
324,77
325,11
326,12
327,1
328,3
329,6
330,16
331,5
332,15
333,35
334,1
335,281
336,2
337,2
338,16
339,1
340,1
341,4
342,5
343,8
344,9
345,3
346,1
347,1613
348,3
349,44
350,20
351,1
352,2478
353,63
354,3
355,2
356,1
357,1
358,25
359,1
360,1
361,15
362,124
363,1
364,15
365,81
366,2
367,171
368,388
369,1
370,2
371,5
372,1
373,5
374,11
375,1311
376,4
377,1
378,411
379,3
380,2
381,5
382,19
383,20
384,189
385,39
386,1
387,2
388,1
389,3
390,8
391,9
392,322
393,9
394,219
395,1
396,1
397,1
398,1
399,1
400,33
401,3
402,37
403,2
404,2
405,122
406,60
407,1
408,4
409,7
410,2
411,1047
412,1
413,1
414,5
415,1
416,3
417,1
418,15
419,37
420,1009
421,329
422,1
423,15
424,1
425,998
426,54
427,3
428,1
429,3320
430,2
431,1
432,1
433,2
434,3
435,370
436,6
437,10
438,1
439,1
440,18
441,1
442,3
443,41
444,1
445,22
446,15
447,12
448,1
449,1
450,1
451,1
452,10
453,1
454,19
455,1
456,4
457,1
458,10
459,1
460,3
461,1
462,1
463,6
464,2
465,1
466,44
467,940
468,21
469,1
470,1
471,4
472,16
473,2
474,52
475,1
476,2
477,5
478,8
479,6
480,1
481,4
482,39
483,1
484,29
485,54
486,2
487,1
488,1
489,1
490,1
491,1
492,14
493,28
494,1
495,6
496,1
497,8
498,8
499,4
500,10
501,57
502,75
503,1
504,2
505,1
506,1
507,63
508,16
509,4
510,1
511,34
512,6
513,1
514,6
515,27
516,2
517,4
518,2
519,274
520,150
521,3
522,1
523,8
524,1
525,123
526,2
527,18
528,5
529,59
530,2
531,1
532,1
533,5
534,1
535,25
536,1
537,64
538,1
539,1
540,59
541,3
542,3
543,1
544,1
545,1
546,18
547,4
548,1
549,1
550,79
551,1
552,57
553,2
554,8
555,10
556,1
557,10
558,1
559,23
560,295
561,1
562,1
563,2
564,1
565,1
566,6
567,2
568,24
569,6
570,1
571,3
572,1
573,3
574,21
575,44
576,19
577,20
578,36
579,9
580,1
581,13
582,1
583,150
584,30
585,86
586,1
587,8
588,2
589,2
590,21
591,1
592,11
593,2
594,2
595,1308
596,12
597,139
598,2
599,5
600,123
601,2
602,3
603,700
604,115
605,13
606,7
607,1
608,1
609,4
610,28
611,288
612,4
613,6
614,147
615,1
616,391
617,1
618,3
619,71
620,5
621,38
622,1
623,1
624,2
625,36
626,795
627,5
628,49
629,1
630,2
631,4
632,5
633,1
634,1
635,8
636,2
637,12
638,2
639,5
640,13
641,1
642,16
643,1
644,2480
645,1053
646,1
647,1
648,1
649,1
650,16
651,73
652,94
653,1
654,1
655,1
656,1
657,2
658,754
659,2
660,82
661,40
662,1
663,5
664,3
665,1
666,170
667,49
668,30
669,1
670,8
671,1
672,1
673,1
674,3
675,13
676,1
677,1
678,15
679,4
680,255
681,5
682,2
683,558
684,2
685,2
686,2
687,27
688,11
689,2
690,1
691,4
692,1
693,11
694,637
695,1
696,27
697,2
698,4
699,2
700,124
701,1
702,5
703,1
704,9
705,1
706,1
707,109
708,3
709,1
710,408
711,2
712,66
713,5
714,2
715,2
716,2
717,228
718,65
719,5
720,2
721,17
722,2
723,5
724,13
725,1
726,116
727,21
728,5
729,1
730,84
731,1
732,2
733,1
734,1
735,1
736,1
737,1
738,3
739,317
740,1
741,6
742,2
743,1
744,1
745,5
746,6
747,6
748,4
749,1
750,18
751,1
752,3
753,4389
754,2
755,20
756,1
757,1
758,1
759,9
760,2
761,2
762,1
763,36
764,257
765,4
766,103
767,2
768,9
769,1
770,5
771,1
772,38
773,1
774,32
775,1
776,2
777,2
778,1
779,13
780,22
781,2
782,23
783,4
784,24
785,4
786,420
787,1
788,20
789,666
790,12
791,78
792,1
793,2
794,5
795,1
796,1620
797,1
798,1
799,684
800,1
801,1
802,6
803,2
804,3
805,1
806,1002
807,3
808,1
809,1
810,36
811,1
812,5
813,123
814,2
815,3
816,5
817,3
818,1
819,46
820,1
821,3
822,17
823,34
824,2511
825,2270
826,1
827,1
828,26
829,1
830,5
831,30
832,19
833,127
834,1
835,25
836,56
837,14
838,2
839,28
840,5
841,20
842,2
843,2
844,3
845,3345
846,5
847,438
848,4
849,133
850,199
851,49
852,64
853,1
854,2
855,1
856,2
857,1
858,1
859,9
860,1
861,1
862,1
863,46
864,6
865,127
866,2
867,4
868,85
869,3826
870,1
871,1
872,7
873,2
874,22
875,13
876,59
877,32
878,1
879,10
880,6
881,10
882,2
883,2
884,1
885,2476
886,1
887,1933
888,1035
889,5
890,13
891,6
892,249
893,1
894,10
895,31
896,5
897,99
898,2
899,1
900,3
901,2
902,1
903,768
904,989
905,8
906,184
907,3
908,1
909,4
910,11
911,13
912,26
913,1
914,1
915,9
916,185
917,1
918,3
919,1
920,7
921,11
922,4
923,2
924,5
925,41
926,2975
927,1
928,1
929,1
930,18
931,4
932,2
933,2
934,14
935,3
936,2
937,1
938,2
939,3
940,3
941,1
942,1
943,62
944,4
945,266
946,73
947,1
948,186
949,1
950,1
951,2
952,1
953,2
954,1
955,67
956,10
957,9
958,22
959,2
960,1
961,1
962,4
963,34
964,3
965,175
966,15
967,2
968,1
969,1
970,1
971,2
972,5
973,16
974,48
975,25
976,3
977,3
978,23
979,3
980,407
981,101
982,1
983,1
984,44
985,11
986,7
987,220
988,9
989,2
990,1
991,4
992,1
993,2
994,1
995,941
996,7
997,269
998,6
999,2
1000,11
1001,8
1002,1
1003,1
1004,1
1005,151
1006,310
1007,31
1008,3
1009,2
1010,3
1011,2
1012,1
1013,4
1014,1
1015,2
1016,46
1017,4
1018,4
1019,5
1020,720
1021,46
1022,1
1023,60
1024,3
1025,3
1026,1
1027,25
1028,8
1029,4
1030,313
1031,1
1032,1
1033,1
1034,21
1035,1
1036,10
1037,2
1038,1
1039,5
1040,1
1041,4
1042,3
1043,43
1044,1
1045,68
1046,1
1047,36
1048,7
1049,3
1050,70
1051,1
1052,13
1053,8
1054,2
1055,10
1056,1
1057,2
1058,3747
1059,18
1060,1
1061,8
1062,42
1063,3
1064,2
1065,538
1066,1
1067,214
1068,3
1069,1
1070,1
1071,1
1072,1609
1073,1
1074,4
1075,2
1076,43
1077,2
1078,2
1079,101
1080,1
1081,38
1082,13
1083,4
1084,7
1085,1
1086,19
1087,1022
1088,39
1089,1
1090,17
1091,14
1092,4
1093,3
1094,2
1095,1
1096,29
1097,24
1098,2
1099,1
1100,986
1101,773
1102,12
1103,1
1104,5
1105,1
1106,1
1107,68
1108,1037
1109,2
1110,42
1111,1
1112,14
1113,4
1114,398
1115,1
1116,1
1117,3
1118,3
1119,152
1120,14
1121,1
1122,12
1123,1
1124,13
1125,1
1126,6
1127,370
1128,3
1129,2
1130,1
1131,1047
1132,9
1133,62
1134,3
1135,277
1136,3
1137,2
1138,3
1139,6
1140,669
1141,57
1142,14
1143,4377
1144,43
1145,26
1146,14
1147,2
1148,28
1149,1
1150,3
1151,26
1152,2
1153,6
1154,2
1155,1
1156,1
1157,2
1158,1
1159,46
1160,1
1161,41
1162,47
1163,10
1164,1
1165,143
1166,4
1167,12
1168,1
1169,1
1170,46
1171,4
1172,151
1173,2
1174,1
1175,16
1176,2
1177,4
1178,1
1179,3
1180,1
1181,492
1182,6
1183,1
1184,3
1185,18
1186,602
1187,1
1188,2
1189,1
1190,420
1191,4
1192,675
1193,2
1194,34
1195,69
1196,1
1197,8
1198,3
1199,197
1200,6
1201,1
1202,5
1203,13
1204,1
1205,7
1206,3213
1207,19
1208,5
1209,1
1210,1
1211,25
1212,977
1213,19
1214,5
1215,1
1216,4
1217,1
1218,3
1219,4
1220,2
1221,2
1222,32
1223,2591
1224,1
1225,8
1226,1
1227,8
1228,258
1229,30
1230,2
1231,1
1232,2
1233,4
1234,1
1235,1
1236,14
1237,1
1238,10
1239,73
1240,38
1241,3
1242,1
1243,13
1244,18
1245,3
1246,2
1247,16
1248,2
1249,1
1250,1
1251,513
1252,2
1253,1
1254,4
1255,20
1256,4
1257,17
1258,18
1259,2227
1260,2
1261,1
1262,2
1263,1
1264,4
1265,1
1266,12
1267,8
1268,8
1269,6
1270,1
1271,1
1272,1
1273,5
1274,16
1275,4
1276,1
1277,11
1278,2
1279,2
1280,2
1281,1
1282,5
1283,2
1284,2
1285,1
1286,60
1287,2
1288,4
1289,1
1290,1
1291,263
1292,159
1293,3763
1294,1
1295,17
1296,3
1297,42
1298,1
1299,1
1300,7
1301,1
1302,6
1303,394
1304,32
1305,79
1306,17
1307,2792
1308,1
1309,1
1310,1
1311,4
1312,1
1313,26
1314,1
1315,1
1316,304
1317,1
1318,6
1319,1
1320,1
1321,2
1322,1
1323,1
1324,8
1325,19
1326,2
1327,1
1328,3
1329,1
1330,1
1331,1
1332,320
1333,4
1334,1
1335,77
1336,1
1337,1
1338,24
1339,2953
1340,4
1341,1
1342,1
1343,1
1344,5
1345,2
1346,1
1347,4
1348,23
1349,2
1350,2
1351,1
1352,2
1353,17
1354,4
1355,2
1356,1736
1357,2
1358,1
1359,1
1360,1
1361,2
1362,2
1363,8
1364,1
1365,3
1366,5
1367,10
1368,445
1369,4
1370,2
1371,102
1372,1
1373,1
1374,4
1375,1
1376,1
1377,14
1378,4819
1379,4
1380,23
1381,8
1382,1
1383,7
1384,3
1385,2
1386,3
1387,7
1388,92
1389,156
1390,1
1391,13
1392,2
1393,6
1394,22
1395,1
1396,4
1397,2750
1398,28
1399,1
1400,1
1401,2
1402,2
1403,1
1404,2
1405,179
1406,206
1407,439
1408,28
1409,1
1410,22
1411,1
1412,6
1413,2
1414,1
1415,12
1416,21
1417,2
1418,22
1419,205
1420,1
1421,4
1422,5
1423,3
1424,79
1425,2
1426,2
1427,6
1428,31
1429,10
1430,1
1431,23
1432,2
1433,3
1434,46
1435,1
1436,120
1437,2
1438,13
1439,2
1440,75
1441,20
1442,1
1443,1
1444,1
1445,1
1446,1
1447,1
1448,1
1449,29
1450,3
1451,4
1452,4
1453,1
1454,7
1455,1
1456,3
1457,59
1458,3
1459,442
1460,1
1461,25
1462,116
1463,5
1464,1
1465,1
1466,1
1467,2
1468,1
1469,19
1470,8
1471,14
1472,2
1473,3
1474,3
1475,2
1476,27
1477,172
1478,17
1479,1
1480,3
1481,2
1482,1
1483,1
1484,2
1485,22
1486,104
1487,1
1488,2
1489,2
1490,1
1491,2
1492,4
1493,753
1494,116
1495,242
1496,293
1497,1
1498,7
1499,2
1500,565
1501,1
1502,2
1503,15
1504,1
1505,1
1506,1
1507,6
1508,13
1509,11
1510,1
1511,11
1512,1
1513,7
1514,12
1515,4
1516,2
1517,110
1518,7
1519,13
1520,3
1521,1
1522,1
1523,2
1524,1
1525,369
1526,19
1527,1
1528,1
1529,3307
1530,1
1531,12
1532,1
1533,21
1534,1
1535,1
1536,1
1537,244
1538,2
1539,3
1540,1
1541,1
1542,36
1543,1
1544,1
1545,142
1546,1
1547,1
1548,2
1549,3
1550,1
1551,1
1552,665
1553,1
1554,1
1555,5
1556,125
1557,2
1558,2
1559,1
1560,4
1561,1
1562,2
1563,6
1564,2
1565,24
1566,61
1567,3
1568,3
1569,1
1570,66
1571,2
1572,1
1573,10
1574,1
1575,7
1576,1
1577,3
1578,1672
1579,1
1580,76
1581,2
1582,11
1583,10
1584,336
1585,4
1586,3
1587,4
1588,7
1589,43
1590,55
1591,1
1592,2514
1593,181
1594,68
1595,11
1596,4324
1597,1
1598,3
1599,4
1600,1
1601,3
1602,11
1603,1
1604,1
1605,17
1606,3
1607,1
1608,9
1609,11
1610,16
1611,2
1612,1
1613,6
1614,6
1615,1
1616,1
1617,241
1618,2
1619,118
1620,2
1621,3
1622,1
1623,90
1624,1
1625,2
1626,4
1627,780
1628,10
1629,5
1630,1
1631,1
1632,249
1633,2
1634,2
1635,1
1636,6
1637,85
1638,12
1639,2
1640,3
1641,3
1642,32
1643,1
1644,112
1645,21
1646,1
1647,1
1648,1
1649,7
1650,39
1651,8
1652,9
1653,1
1654,3
1655,2
1656,8
1657,40
1658,2
1659,2
1660,229
1661,2
1662,1
1663,6
1664,4
1665,2
1666,1
1667,1
1668,17
1669,63
1670,1
1671,6
1672,2
1673,3
1674,113
1675,107
1676,5
1677,63
1678,5
1679,1
1680,1628
1681,1
1682,4
1683,36
1684,606
1685,1
1686,1
1687,1
1688,1
1689,7
1690,2
1691,1
1692,3
1693,1
1694,2
1695,2
1696,1
1697,1
1698,1
1699,10
1700,12
1701,8
1702,4
1703,44
1704,1
1705,13
1706,4
1707,1
1708,4
1709,1
1710,7
1711,4
1712,5
1713,1
1714,8
1715,3
1716,3
1717,254
1718,25
1719,8
1720,46
1721,1
1722,1
1723,8
1724,1
1725,5
1726,1
1727,3
1728,1
1729,20
1730,6
1731,2
1732,1
1733,27
1734,2
1735,1
1736,4
1737,63
1738,5
1739,6
1740,1
1741,4
1742,2
1743,1
1744,1
1745,1
1746,2
1747,11
1748,1
1749,2
1750,3
1751,13
1752,29
1753,1
1754,3
1755,2
1756,2
1757,1
1758,4
1759,14
1760,62
1761,1
1762,1
1763,2
1764,2
1765,7
1766,53
1767,2
1768,253
1769,2
1770,69
1771,45
1772,5
1773,13
1774,3
1775,153
1776,9
1777,418
1778,4
1779,2
1780,1463
1781,2
1782,1
1783,45
1784,1
1785,1
1786,2
1787,9
1788,67
1789,1
1790,11
1791,1
1792,44
1793,113
1794,1
1795,1
1796,1
1797,47
1798,4
1799,1
1800,1
1801,1
1802,1
1803,2
1804,4
1805,5
1806,3
1807,36
1808,2029
1809,1
1810,1
1811,27
1812,1
1813,2013
1814,4405
1815,22
1816,22
1817,1
1818,17
1819,1
1820,4
1821,41
1822,2
1823,37
1824,20
1825,1
1826,1
1827,3
1828,347
1829,1
1830,1634
1831,41
1832,465
1833,1
1834,1
1835,1
1836,2
1837,1
1838,45
1839,2
1840,1
1841,29
1842,26
1843,3
1844,2
1845,7
1846,22
1847,5
1848,23
1849,390
1850,1
1851,1
1852,12
1853,1
1854,1
1855,1
1856,1
1857,4995
1858,2
1859,58
1860,1
1861,10
1862,251
1863,1
1864,6
1865,8
1866,1
1867,1
1868,193
1869,25
1870,15
1871,3
1872,1
1873,1
1874,14
1875,5
1876,2
1877,1
1878,6
1879,72
1880,1
1881,10
1882,1
1883,13
1884,7
1885,3
1886,1
1887,1
1888,297
1889,19
1890,5
1891,2
1892,175
1893,2
1894,19
1895,1
1896,5
1897,3
1898,1
1899,27
1900,1
1901,2
1902,24
1903,1
1904,1
1905,2
1906,4
1907,4
1908,2
1909,1232
1910,2
1911,12
1912,1
1913,11
1914,1
1915,5
1916,2
1917,11
1918,1
1919,1
1920,9
1921,47
1922,2
1923,18
1924,2
1925,4
1926,14
1927,4
1928,2
1929,1
1930,10
1931,1
1932,2
1933,7
1934,1
1935,8
1936,1
1937,3
1938,1
1939,3
1940,64
1941,2
1942,23
1943,4
1944,19
1945,1
1946,4
1947,1
1948,546
1949,14
1950,1
1951,4
1952,1
1953,3
1954,397
1955,1
1956,45
1957,75
1958,1
1959,2
1960,355
1961,8
1962,20
1963,1
1964,2
1965,1
1966,4
1967,3
1968,13
1969,1
1970,27
1971,4671
1972,2019
1973,18
1974,1
1975,2
1976,18
1977,3
1978,23
1979,2
1980,1398
1981,1
1982,5
1983,16
1984,25
1985,2
1986,1
1987,1
1988,1
1989,1
1990,787
1991,1
1992,2
1993,12
1994,28
1995,3
1996,21
1997,10
1998,1
1999,15
2000,3
2001,2
2002,235
2003,52
2004,69
2005,8
2006,31
2007,4
2008,5
2009,2
2010,7
2011,4
2012,268
2013,7
2014,1
2015,50
2016,4
2017,3
2018,2
2019,23
2020,2
2021,11
2022,1
2023,5
2024,1
2025,2
2026,124
2027,1
2028,1
2029,1
2030,1
2031,1
2032,1
2033,4146
2034,32
2035,9
2036,416
2037,1
2038,4
2039,1
2040,5
2041,3
2042,9
2043,32
2044,3209
2045,13
2046,7
2047,1
2048,3
2049,40
2050,3
2051,4
2052,6
2053,1
2054,8
2055,1
2056,3
2057,1
2058,34
2059,11
2060,3
2061,81
2062,1
2063,21
2064,3
2065,407
2066,6
2067,6
2068,1
2069,2
2070,16
2071,1
2072,3
2073,4
2074,65
2075,1
2076,15
2077,79
2078,4
2079,25
2080,9
2081,11
2082,46
2083,27
2084,17
2085,5
2086,30
2087,1
2088,5
2089,29
2090,169
2091,23
2092,2
2093,1
2094,1
2095,53
2096,2
2097,1
2098,3
2099,174
2100,2
2101,5
2102,2
2103,8
2104,1
2105,9
2106,2
2107,18
2108,23
2109,6
2110,3
2111,1
2112,56
2113,13
2114,3
2115,3
2116,15
2117,3
2118,2
2119,24
2120,1
2121,13
2122,3
2123,200
2124,77
2125,13
2126,15
2127,2
2128,1
2129,9
2130,440
2131,235
2132,4
2133,1
2134,1
2135,3
2136,36
2137,46
2138,3
2139,3548
2140,14
2141,224
2142,24
2143,1
2144,1
2145,2
2146,1
2147,1
2148,2
2149,6
2150,1
2151,4
2152,1
2153,1
2154,1
2155,98
2156,46
2157,4
2158,14
2159,793
2160,6
2161,4
2162,3
2163,7
2164,2
2165,4
2166,5
2167,1
2168,1
2169,5
2170,1
2171,1
2172,4
2173,1
2174,2
2175,1
2176,1
2177,2
2178,5
2179,15
2180,2
2181,1
2182,4400
2183,1
2184,1
2185,1
2186,1
2187,1
2188,1
2189,8
2190,1
2191,18
2192,1
2193,3
2194,30
2195,5
2196,1811
2197,1
2198,1
2199,3
2200,2
2201,1
2202,1
2203,18
2204,1
2205,1
2206,102
2207,1793
2208,97
2209,2
2210,6
2211,1
2212,3
2213,2
2214,321
2215,1
2216,73
2217,494
2218,1
2219,8
2220,15
2221,1
2222,106
2223,6
2224,1
2225,2
2226,2
2227,232
2228,4
2229,13
2230,2
2231,10
2232,550
2233,1
2234,4
2235,11
2236,6
2237,22
2238,27
2239,1
2240,2
2241,3
2242,1
2243,1
2244,7
2245,3
2246,1
2247,9
2248,4
2249,1
2250,4
2251,88
2252,6
2253,40
2254,5
2255,68
2256,18
2257,1
2258,46
2259,6
2260,2
2261,33
2262,2
2263,3
2264,12
2265,3
2266,25
2267,1
2268,2
2269,23
2270,7
2271,1
2272,9
2273,1
2274,1
2275,7
2276,1
2277,6
2278,1
2279,19
2280,1
2281,3
2282,26
2283,3
2284,4
2285,1
2286,4
2287,1
2288,1
2289,1
2290,1
2291,319
2292,22
2293,799
2294,4
2295,5
2296,4
2297,1
2298,3
2299,1
2300,1
2301,204
2302,2
2303,57
2304,1
2305,2
2306,3
2307,52
2308,12
2309,2
2310,9
2311,2
2312,14
2313,1
2314,1
2315,3
2316,3
2317,2
2318,16
2319,2020
2320,8
2321,1
2322,1
2323,2
2324,2
2325,1
2326,2
2327,7
2328,1
2329,15
2330,1
2331,7
2332,1
2333,2
2334,981
2335,1
2336,6
2337,1820
2338,1
2339,1
2340,2
2341,39
2342,1
2343,1
2344,57
2345,2
2346,4
2347,3
2348,12
2349,1
2350,16
2351,1
2352,184
2353,5
2354,11
2355,1
2356,71
2357,8
2358,1
2359,107
2360,9
2361,1
2362,9
2363,2
2364,7
2365,1
2366,3
2367,29
2368,1
2369,59
2370,24
2371,1
2372,1
2373,1
2374,2
2375,2
2376,3
2377,1
2378,211
2379,1
2380,1
2381,394
2382,38
2383,3
2384,1
2385,69
2386,1
2387,12
2388,8
2389,21
2390,11
2391,1
2392,1
2393,27
2394,68
2395,113
2396,1
2397,6
2398,34
2399,4
2400,1
2401,3
2402,2
2403,148
2404,6
2405,289
2406,111
2407,2
2408,2
2409,1
2410,5
2411,1
2412,1
2413,1
2414,2
2415,3
2416,1
2417,106
2418,21
2419,5
2420,1
2421,23
2422,2
2423,1
2424,1
2425,3
2426,3
2427,2
2428,3308
2429,1
2430,3
2431,9
2432,1
2433,3
2434,4
2435,3
2436,50
2437,1
2438,1
2439,6
2440,100
2441,16
2442,1
2443,2
2444,1
2445,1
2446,2
2447,1
2448,11
2449,34
2450,32
2451,7
2452,2
2453,1
2454,2
2455,18
2456,2
2457,1
2458,11
2459,1
2460,5
2461,1
2462,1
2463,361
2464,5
2465,22
2466,7
2467,12
2468,1
2469,10
2470,32
2471,1
2472,7
2473,2
2474,2
2475,2
2476,1
2477,7
2478,4
2479,27
2480,17
2481,4
2482,141
2483,3
2484,2
2485,2
2486,12
2487,3
2488,1
2489,34
2490,1
2491,1
2492,20
2493,1
2494,209
2495,2
2496,56
2497,2
2498,3
2499,189
2500,1
2501,184
2502,2
2503,321
2504,2
2505,2
2506,1
2507,2
2508,2
2509,1
2510,3
2511,31
2512,1
2513,1
2514,2
2515,8
2516,7
2517,1
2518,3
2519,42
2520,3
2521,4
2522,2
2523,6
2524,10
2525,1
2526,1
2527,5
2528,142
2529,6
2530,1
2531,15
2532,1
2533,22
2534,1
2535,121
2536,1
2537,5
2538,2
2539,4
2540,1
2541,55
2542,3
2543,37
2544,10
2545,5
2546,1
2547,1
2548,1
2549,1
2550,4
2551,1
2552,1
2553,1
2554,8
2555,602
2556,2
2557,2
2558,17
2559,8
2560,4
2561,1
2562,18
2563,1
2564,1
2565,3
2566,1
2567,2
2568,1
2569,47
2570,7
2571,94
2572,4
2573,1
2574,41
2575,1
2576,2
2577,2
2578,10
2579,1
2580,4
2581,182
2582,5
2583,1
2584,2
2585,12
2586,3
2587,11
2588,1
2589,19
2590,3
2591,2
2592,1
2593,29
2594,2
2595,17
2596,2
2597,1
2598,2
2599,8
2600,3
2601,1
2602,3
2603,234
2604,2
2605,1
2606,1
2607,21
2608,6
2609,82
2610,351
2611,1
2612,1
2613,1
2614,1
2615,1624
2616,14
2617,32
2618,1
2619,2
2620,1
2621,1
2622,1
2623,106
2624,2
2625,1
2626,2
2627,1
2628,292
2629,1
2630,35
2631,1
2632,2
2633,196
2634,1
2635,1
2636,3
2637,3
2638,1
2639,5
2640,1
2641,346
2642,3
2643,1
2644,2
2645,1
2646,2
2647,7
2648,1
2649,1
2650,1
2651,1
2652,820
2653,1
2654,1
2655,1
2656,18
2657,5
2658,4
2659,7
2660,2
2661,25
2662,1
2663,1
2664,1
2665,7
2666,64
2667,3
2668,2
2669,1
2670,4
2671,2
2672,10
2673,9
2674,2
2675,23
2676,1
2677,6
2678,12
2679,303
2680,2
2681,1
2682,1
2683,2
2684,2
2685,2
2686,1
2687,8
2688,2
2689,54
2690,1
2691,153
2692,1
2693,1
2694,154
2695,1
2696,3
2697,2
2698,1
2699,5
2700,20
2701,126
2702,10
2703,48
2704,24
2705,1
2706,1
2707,16
2708,1
2709,1
2710,13
2711,10
2712,1
2713,1
2714,12
2715,6
2716,4
2717,1
2718,4
2719,1
2720,5
2721,26
2722,2
2723,2
2724,1
2725,2
2726,1
2727,34
2728,1
2729,8
2730,1
2731,7
2732,7
2733,133
2734,3
2735,1
2736,9
2737,40
2738,10
2739,1802
2740,9
2741,122
2742,16
2743,1
2744,1
2745,1
2746,17
2747,3
2748,1
2749,1
2750,5
2751,22
2752,84
2753,101
2754,7
2755,31
2756,1
2757,2
2758,3
2759,1
2760,2
2761,2
2762,1
2763,5
2764,4
2765,1
2766,1
2767,16
2768,1
2769,1
2770,6
2771,4
2772,10
2773,2
2774,5
2775,6
2776,1
2777,3
2778,4
2779,3
2780,1
2781,1
2782,1
2783,1118
2784,13
2785,42
2786,7
2787,11
2788,7
2789,1
2790,2
2791,139
2792,2
2793,2
2794,21
2795,65
2796,1
2797,1
2798,5
2799,1
2800,137
2801,1
2802,2
2803,82
2804,3
2805,1
2806,4
2807,15
2808,15
2809,1
2810,4214
2811,263
2812,8
2813,2
2814,11
2815,1
2816,19
2817,34
2818,21
2819,1
2820,4
2821,1
2822,1
2823,1
2824,1
2825,373
2826,2
2827,2
2828,9
2829,15
2830,8
2831,3
2832,2
2833,1
2834,4
2835,1
2836,3
2837,2
2838,1
2839,339
2840,1
2841,41
2842,2
2843,448
2844,12
2845,13
2846,10
2847,11
2848,34
2849,38
2850,11
2851,80
2852,2
2853,2
2854,2
2855,13
2856,1
2857,21
2858,1
2859,1
2860,1
2861,7
2862,3
2863,3
2864,1
2865,12
2866,7
2867,121
2868,155
2869,1
2870,10
2871,2
2872,52
2873,4
2874,10
2875,83
2876,4
2877,1
2878,14
2879,1
2880,1
2881,1
2882,35
2883,38
2884,23
2885,1
2886,1
2887,40
2888,2
2889,6
2890,5
2891,5
2892,22
2893,1
2894,3
2895,1
2896,29
2897,5
2898,370
2899,2
2900,15
2901,112
2902,2
2903,31
2904,1
2905,2
2906,10
2907,1
2908,1
2909,6
2910,1
2911,1
2912,2
2913,1
2914,27
2915,3
2916,1
2917,1
2918,1
2919,1
2920,6
2921,3
2922,28
2923,27
2924,868
2925,2
2926,5
2927,164
2928,6
2929,17
2930,1
2931,3
2932,4005
2933,30
2934,7
2935,1
2936,2
2937,9
2938,2
2939,172
2940,13
2941,1
2942,89
2943,471
2944,80
2945,2
2946,1
2947,2
2948,2
2949,1
2950,2
2951,4
2952,4
2953,11
2954,11
2955,1
2956,9
2957,522
2958,5
2959,1
2960,40
2961,1
2962,7
2963,103
2964,4
2965,31
2966,8
2967,66
2968,1
2969,4
2970,4
2971,20
2972,1
2973,3
2974,1
2975,1
2976,207
2977,1
2978,4
2979,1
2980,4
2981,1
2982,18
2983,5
2984,7
2985,2
2986,31
2987,1
2988,2
2989,1
2990,1
2991,1
2992,14
2993,4
2994,2
2995,3
2996,3
2997,1
2998,5
2999,18
3000,138
3001,1
3002,36
3003,47
3004,2
3005,3
3006,1
3007,174
3008,63
3009,9
3010,15
3011,79
3012,28
3013,4
3014,1
3015,2
3016,4
3017,2
3018,1
3019,3
3020,3
3021,16
3022,1
3023,7
3024,3
3025,28
3026,5
3027,1
3028,12
3029,16
3030,30
3031,1
3032,6
3033,41
3034,1
3035,7
3036,9
3037,2
3038,1
3039,25
3040,1
3041,1
3042,1
3043,2
3044,3
3045,8
3046,1
3047,3
3048,37
3049,1
3050,1
3051,5
3052,1
3053,2
3054,1
3055,56
3056,21
3057,3550
3058,5
3059,1
3060,1
3061,4
3062,4
3063,1
3064,34
3065,8
3066,74
3067,1
3068,2
3069,1257
3070,2
3071,1
3072,1
3073,39
3074,28
3075,1
3076,1
3077,44
3078,1
3079,1
3080,1
3081,1
3082,8
3083,46
3084,2
3085,21
3086,289
3087,1
3088,32
3089,13
3090,8
3091,25
3092,9
3093,11
3094,1
3095,1
3096,1
3097,13
3098,9
3099,2
3100,30
3101,3
3102,1
3103,72
3104,4
3105,3
3106,4
3107,3
3108,1
3109,1
3110,1
3111,24
3112,1
3113,2
3114,24
3115,1
3116,11
3117,1
3118,1
3119,6
3120,1
3121,2
3122,793
3123,2
3124,1
3125,15
3126,1
3127,778
3128,2
3129,3
3130,4
3131,1
3132,8
3133,5
3134,2
3135,1
3136,1
3137,4
3138,6
3139,3
3140,8
3141,1
3142,16
3143,11
3144,1
3145,925
3146,75
3147,3
3148,16
3149,1
3150,2
3151,1
3152,21
3153,1
3154,8
3155,1
3156,3
3157,9
3158,25
3159,1
3160,5
3161,1
3162,2
3163,2
3164,64
3165,2
3166,7
3167,1
3168,1
3169,1
3170,1
3171,1
3172,6
3173,164
3174,4
3175,11
3176,2
3177,21
3178,124
3179,1291
3180,2
3181,4
3182,1
3183,86
3184,1
3185,1
3186,2
3187,9
3188,1
3189,7
3190,2
3191,1
3192,3
3193,1
3194,1
3195,1
3196,2
3197,92
3198,3
3199,2
3200,6
3201,6
3202,1
3203,3
3204,9
3205,1
3206,1
3207,1
3208,1
3209,3
3210,1
3211,58
3212,1
3213,1
3214,2
3215,1
3216,43
3217,1
3218,6
3219,5
3220,9
3221,5
3222,266
3223,2
3224,2
3225,4
3226,15
3227,6
3228,1
3229,3
3230,1
3231,13
3232,1
3233,1
3234,3
3235,2
3236,1
3237,35
3238,285
3239,3
3240,1
3241,2
3242,2
3243,4
3244,8
3245,5
3246,2
3247,14
3248,1
3249,1
3250,10
3251,24
3252,8
3253,165
3254,542
3255,2
3256,1
3257,609
3258,1
3259,1
3260,1
3261,1
3262,1
3263,5
3264,29
3265,1
3266,6
3267,1879
3268,7
3269,1367
3270,1
3271,3
3272,7
3273,12
3274,1
3275,12
3276,1
3277,3
3278,5
3279,1
3280,1
3281,3
3282,1
3283,4
3284,1
3285,2
3286,6
3287,2
3288,1
3289,5
3290,1
3291,2
3292,47
3293,2
3294,16
3295,351
3296,1
3297,9
3298,1
3299,4
3300,2
3301,11
3302,7
3303,5
3304,4
3305,130
3306,4
3307,1
3308,3
3309,1
3310,7
3311,38
3312,1
3313,1
3314,3
3315,25
3316,2
3317,3
3318,39
3319,1
3320,1
3321,50
3322,1
3323,8
3324,29
3325,1
3326,2
3327,4
3328,8
3329,1
3330,1
3331,7
3332,2
3333,5
3334,2
3335,4
3336,1
3337,2
3338,6
3339,1
3340,57
3341,239
3342,5
3343,680
3344,1
3345,196
3346,2
3347,1
3348,37
3349,2
3350,3
3351,4
3352,1
3353,1
3354,2
3355,4677
3356,7
3357,2
3358,30
3359,1
3360,5
3361,3
3362,1
3363,1
3364,4
3365,1
3366,1
3367,17
3368,1
3369,1
3370,2
3371,1
3372,19
3373,5
3374,729
3375,8
3376,6
3377,1
3378,1
3379,28
3380,1
3381,1
3382,104
3383,1315
3384,33
3385,2
3386,4
3387,3
3388,3
3389,372
3390,2
3391,2
3392,3
3393,2
3394,1
3395,15
3396,1
3397,4
3398,1
3399,1
3400,12
3401,1
3402,450
3403,1
3404,2
3405,1
3406,387
3407,1
3408,3
3409,2
3410,4
3411,60
3412,10
3413,5
3414,2
3415,1
3416,48
3417,16
3418,1
3419,1
3420,4
3421,30
3422,2
3423,3
3424,269
3425,2
3426,20
3427,1
3428,1
3429,3
3430,1
3431,7
3432,1
3433,4
3434,1
3435,106
3436,1
3437,19
3438,14
3439,1
3440,1
3441,2
3442,1
3443,2
3444,1
3445,1
3446,1
3447,2
3448,2
3449,18
3450,9
3451,15
3452,10
3453,1
3454,6
3455,7
3456,1
3457,2
3458,1
3459,1
3460,3
3461,1
3462,3
3463,1
3464,3
3465,2
3466,2
3467,55
3468,15
3469,25
3470,60
3471,26
3472,1
3473,4
3474,1
3475,1
3476,14
3477,1
3478,1
3479,4
3480,1
3481,1
3482,248
3483,2
3484,6
3485,1
3486,1
3487,10
3488,7
3489,175
3490,122
3491,2
3492,1
3493,2
3494,5
3495,344
3496,1
3497,1
3498,1
3499,2
3500,4
3501,1
3502,1
3503,4
3504,1
3505,2
3506,3
3507,1
3508,1
3509,1
3510,3
3511,1
3512,213
3513,1
3514,1
3515,4
3516,2
3517,21
3518,1
3519,1
3520,2
3521,2
3522,2
3523,1
3524,1
3525,2
3526,1
3527,1
3528,103
3529,346
3530,4
3531,3
3532,2
3533,7
3534,15
3535,10
3536,1
3537,9
3538,1
3539,1
3540,24
3541,2081
3542,2
3543,18
3544,2
3545,4
3546,12
3547,5
3548,2
3549,1
3550,1
3551,2
3552,27
3553,26
3554,2
3555,4
3556,1
3557,334
3558,155
3559,1
3560,20
3561,27
3562,1
3563,6
3564,5
3565,1
3566,95
3567,1
3568,21
3569,2
3570,3
3571,1
3572,8
3573,13
3574,2
3575,4
3576,1
3577,1
3578,1
3579,1
3580,1
3581,15
3582,2
3583,5
3584,1
3585,4
3586,39
3587,1
3588,3
3589,1
3590,2
3591,2
3592,168
3593,11
3594,2
3595,15
3596,16
3597,3
3598,6
3599,758
3600,33
3601,17
3602,13
3603,2
3604,3
3605,1
3606,110
3607,1
3608,1
3609,14
3610,8
3611,80
3612,6
3613,1
3614,19
3615,4
3616,21
3617,1
3618,5
3619,56
3620,31
3621,13
3622,2
3623,2
3624,15
3625,5
3626,1
3627,4
3628,1
3629,1
3630,1
3631,1
3632,1
3633,1
3634,6
3635,1
3636,1
3637,10
3638,1
3639,5
3640,19
3641,548
3642,1
3643,1
3644,18
3645,1
3646,18
3647,19
3648,1
3649,4
3650,1
3651,1
3652,5
3653,3
3654,7
3655,1
3656,35
3657,1
3658,1
3659,2
3660,37
3661,4
3662,175
3663,1
3664,3
3665,1
3666,1
3667,2
3668,1
3669,1
3670,1
3671,98
3672,21
3673,1
3674,1
3675,2
3676,8
3677,1
3678,1
3679,1
3680,2
3681,2
3682,8
3683,1
3684,167
3685,4
3686,2
3687,3
3688,396
3689,1
3690,1
3691,4
3692,1
3693,2
3694,2
3695,1
3696,1
3697,647
3698,3
3699,1
3700,4
3701,1
3702,1
3703,1
3704,16
3705,5
3706,1
3707,1
3708,8
3709,1
3710,1
3711,1
3712,2
3713,1
3714,1
3715,10
3716,1
3717,1
3718,208
3719,2
3720,1
3721,1
3722,3
3723,2
3724,3
3725,5
3726,1
3727,5
3728,6
3729,1
3730,2
3731,1
3732,2
3733,20
3734,2
3735,3
3736,4
3737,191
3738,1
3739,12
3740,1
3741,305
3742,2
3743,1
3744,1
3745,2
3746,22
3747,10
3748,21
3749,1769
3750,15
3751,1
3752,1
3753,1
3754,1
3755,1
3756,1
3757,1
3758,3607
3759,11
3760,1
3761,2
3762,10
3763,1
3764,3
3765,22
3766,28
3767,125
3768,1
3769,7
3770,1
3771,1
3772,1
3773,1
3774,17
3775,3
3776,1
3777,9
3778,1072
3779,4
3780,1
3781,3
3782,4
3783,1
3784,3
3785,9
3786,2
3787,5
3788,1
3789,2
3790,3
3791,19
3792,2
3793,2
3794,1
3795,21
3796,17
3797,1
3798,19
3799,1
3800,1
3801,4
3802,2
3803,2
3804,1
3805,1
3806,7
3807,1
3808,9
3809,1
3810,1
3811,3
3812,1
3813,1
3814,19
3815,14
3816,77
3817,1
3818,7
3819,1
3820,1
3821,4
3822,2
3823,34
3824,1
3825,1
3826,10
3827,1
3828,1
3829,2
3830,2
3831,1
3832,9
3833,3596
3834,2
3835,2
3836,9
3837,41
3838,1
3839,5
3840,1
3841,9
3842,5
3843,912
3844,20
3845,4
3846,2
3847,9
3848,13
3849,2
3850,4
3851,1
3852,1
3853,2
3854,14
3855,1
3856,3
3857,2
3858,41
3859,3
3860,2
3861,1
3862,4
3863,10
3864,1
3865,19
3866,211
3867,1
3868,1
3869,2
3870,2
3871,18
3872,80
3873,1
3874,1
3875,3
3876,1
3877,3
3878,6
3879,3
3880,1
3881,24
3882,2
3883,35
3884,10
3885,1
3886,207
3887,1
3888,185
3889,1
3890,1
3891,6
3892,3
3893,1
3894,2
3895,1
3896,1
3897,2
3898,1
3899,1
3900,1
3901,1
3902,1
3903,1
3904,30
3905,9
3906,1
3907,5
3908,8
3909,1
3910,2
3911,1
3912,8
3913,3
3914,37
3915,1
3916,2
3917,2
3918,2
3919,1
3920,2
3921,1
3922,1
3923,8
3924,1
3925,9
3926,1
3927,1
3928,2
3929,87
3930,8
3931,1
3932,23
3933,1
3934,22
3935,8
3936,2
3937,1
3938,1
3939,3
3940,6
3941,104
3942,16
3943,2
3944,2
3945,6
3946,1
3947,2
3948,3
3949,3
3950,9
3951,72
3952,4
3953,23
3954,2
3955,1
3956,4
3957,93
3958,2
3959,61
3960,1
3961,6
3962,3
3963,16
3964,1
3965,16
3966,3
3967,124
3968,29
3969,44
3970,115
3971,10
3972,1
3973,5
3974,3
3975,1
3976,13
3977,46
3978,32
3979,1
3980,27
3981,1
3982,1
3983,1
3984,5
3985,5
3986,1
3987,2
3988,3
3989,27
3990,585
3991,1
3992,1
3993,9
3994,35
3995,6
3996,1
3997,1
3998,79
3999,18
4000,8
4001,2
4002,10
4003,9
4004,1
4005,4
4006,13
4007,1
4008,1
4009,4
4010,1
4011,2
4012,4
4013,29
4014,27
4015,1
4016,1
4017,2
4018,82
4019,1
4020,222
4021,1
4022,3
4023,28
4024,164
4025,59
4026,25
4027,48
4028,1
4029,1
4030,1
4031,1
4032,249
4033,10
4034,6
4035,3
4036,1
4037,5
4038,2854
4039,4
4040,6
4041,1
4042,4
4043,1
4044,17
4045,4
4046,1
4047,1
4048,171
4049,2
4050,11
4051,12
4052,1
4053,5
4054,1
4055,1
4056,52
4057,1
4058,9
4059,1
4060,8
4061,1
4062,1
4063,11
4064,1
4065,9
4066,4
4067,1707
4068,656
4069,1
4070,1
4071,2
4072,3
4073,2
4074,2
4075,2
4076,22
4077,8
4078,1
4079,3118
4080,8
4081,20
4082,2
4083,1155
4084,37
4085,1
4086,2
4087,31
4088,1
4089,27
4090,50
4091,1
4092,329
4093,1
4094,2
4095,22
4096,12
4097,5
4098,25
4099,22
4100,1
4101,3
4102,2
4103,2
4104,1
4105,2
4106,1
4107,5
4108,1
4109,1
4110,6
4111,1
4112,141
4113,164
4114,2
4115,11
4116,1
4117,266
4118,2
4119,2
4120,1
4121,892
4122,2
4123,13
4124,69
4125,4
4126,2
4127,5
4128,1
4129,1
4130,2
4131,16
4132,4
4133,1
4134,3
4135,3
4136,2
4137,1
4138,20
4139,1
4140,2
4141,1
4142,1
4143,1
4144,1749
4145,1
4146,1
4147,1
4148,11
4149,3
4150,1
4151,3
4152,114
4153,1
4154,5
4155,2
4156,1
4157,1
4158,115
4159,18
4160,29
4161,3
4162,1
4163,1
4164,1
4165,1522
4166,13
4167,1
4168,3
4169,9
4170,32
4171,1
4172,2582
4173,7
4174,74
4175,1
4176,1
4177,87
4178,37
4179,2
4180,1
4181,1
4182,2
4183,1
4184,6
4185,3
4186,5
4187,5
4188,1
4189,3
4190,1
4191,2
4192,48
4193,1
4194,1
4195,47
4196,1
4197,321
4198,8
4199,10
4200,3
4201,55
4202,1
4203,1
4204,2
4205,1
4206,5
4207,6
4208,1
4209,2
4210,1
4211,1
4212,1
4213,1
4214,14
4215,18
4216,5
4217,1
4218,3
4219,1
4220,2
4221,2
4222,4
4223,1
4224,2
4225,2
4226,3
4227,1
4228,2
4229,1
4230,1
4231,3
4232,265
4233,3
4234,1
4235,8
4236,19
4237,25
4238,2
4239,2
4240,86
4241,2
4242,1
4243,2
4244,9
4245,16
4246,6
4247,1
4248,1
4249,10
4250,23
4251,1
4252,1
4253,2
4254,2
4255,1
4256,2
4257,45
4258,874
4259,3
4260,3
4261,4
4262,111
4263,1
4264,4
4265,4
4266,1
4267,4
4268,2
4269,1
4270,2
4271,1
4272,2
4273,15
4274,1
4275,1
4276,2
4277,112
4278,2
4279,4
4280,6
4281,2
4282,1
4283,5
4284,13
4285,7
4286,3
4287,1
4288,44
4289,2
4290,96
4291,34
4292,3
4293,2
4294,11
4295,1
4296,215
4297,58
4298,113
4299,1
4300,4
4301,1
4302,68
4303,8
4304,8
4305,1
4306,7
4307,1
4308,1
4309,1
4310,7
4311,1
4312,1
4313,2
4314,17
4315,2
4316,1
4317,3
4318,2
4319,5
4320,1
4321,2
4322,1
4323,1
4324,1
4325,1
4326,1
4327,1
4328,52
4329,1
4330,4
4331,588
4332,2
4333,1
4334,1
4335,5
4336,5
4337,4
4338,1
4339,8
4340,1
4341,1
4342,3
4343,424
4344,1
4345,1
4346,2
4347,1
4348,1
4349,3
4350,1
4351,1
4352,3
4353,6
4354,3
4355,1
4356,1
4357,8
4358,2
4359,1
4360,3
4361,191
4362,2
4363,1
4364,9
4365,5
4366,1
4367,113
4368,2
4369,1
4370,4
4371,2
4372,1
4373,1
4374,630
4375,345
4376,10
4377,2
4378,1
4379,3
4380,2
4381,82
4382,1
4383,13
4384,1
4385,1
4386,1
4387,1
4388,2
4389,9
4390,1
4391,1
4392,4
4393,2
4394,14
4395,5
4396,142
4397,1
4398,1
4399,1
4400,2
4401,1
4402,1
4403,1
4404,1
4405,1
4406,2
4407,254
4408,30
4409,1
4410,1
4411,1
4412,1
4413,1
4414,6
4415,1
4416,1
4417,1
4418,1
4419,18
4420,5
4421,89
4422,20
4423,1
4424,2
4425,21
4426,1
4427,1
4428,19
4429,1
4430,92
4431,5
4432,7
4433,1
4434,1
4435,1
4436,1
4437,2
4438,1
4439,2
4440,1
4441,47
4442,3
4443,5
4444,1
4445,2
4446,6
4447,1
4448,2
4449,1
4450,3
4451,8
4452,2
4453,3
4454,1
4455,1
4456,54
4457,4
4458,1
4459,1
4460,4
4461,10
4462,1
4463,1
4464,2
4465,2
4466,1
4467,6
4468,1
4469,111
4470,2
4471,16
4472,2
4473,2
4474,1
4475,2
4476,1759
4477,75
4478,8
4479,2
4480,1
4481,1
4482,4
4483,239
4484,1
4485,13
4486,74
4487,6
4488,1
4489,1
4490,1
4491,3
4492,37
4493,1
4494,9
4495,2
4496,3
4497,2
4498,1
4499,29
4500,5
4501,1
4502,65
4503,2
4504,1
4505,1
4506,11
4507,1
4508,1
4509,7
4510,2
4511,9
4512,25
4513,4
4514,2
4515,3
4516,7
4517,7
4518,2
4519,1
4520,1
4521,1
4522,18
4523,1
4524,1
4525,1
4526,22
4527,1
4528,31
4529,2
4530,1
4531,32
4532,2
4533,1
4534,1
4535,1
4536,1
4537,34
4538,7
4539,1
4540,1
4541,199
4542,2
4543,2
4544,6
4545,1
4546,1
4547,2
4548,1
4549,4
4550,2
4551,3
4552,17
4553,6
4554,1
4555,5
4556,1
4557,1
4558,1
4559,1
4560,1
4561,1
4562,2
4563,1
4564,40
4565,1
4566,49
4567,3
4568,2575
4569,43
4570,1
4571,25
4572,1
4573,1
4574,3
4575,1
4576,119
4577,45
4578,3
4579,5
4580,2
4581,2
4582,1
4583,2
4584,66
4585,1
4586,2
4587,19
4588,1
4589,95
4590,16
4591,25
4592,1
4593,1
4594,1
4595,1
4596,6
4597,3
4598,4
4599,21
4600,2
4601,1
4602,1
4603,1
4604,1
4605,408
4606,13
4607,2
4608,2
4609,15
4610,14
4611,2
4612,1
4613,51
4614,157
4615,1
4616,1
4617,32
4618,1
4619,10
4620,1
4621,5
4622,2
4623,1
4624,1
4625,7
4626,1
4627,4
4628,10
4629,1
4630,1
4631,45
4632,2
4633,159
4634,3
4635,1
4636,1
4637,1
4638,4
4639,1
4640,2
4641,2
4642,4
4643,3
4644,1
4645,241
4646,1
4647,122
4648,1
4649,1
4650,1
4651,2937
4652,2
4653,1
4654,3
4655,1
4656,1
4657,4
4658,3
4659,3
4660,1
4661,2
4662,1
4663,24
4664,1
4665,1
4666,1
4667,1
4668,7
4669,3
4670,9
4671,93
4672,31
4673,1
4674,1
4675,1
4676,1
4677,1
4678,1
4679,18
4680,10
4681,2
4682,1
4683,9
4684,15
4685,1
4686,1
4687,1
4688,53
4689,8
4690,1
4691,1
4692,31
4693,3
4694,1
4695,5
4696,1
4697,4
4698,1
4699,10
4700,1
4701,1
4702,96
4703,1
4704,1
4705,1
4706,1
4707,1
4708,2
4709,1
4710,1
4711,1
4712,43
4713,2
4714,1
4715,1
4716,1
4717,1
4718,84
4719,5
4720,3
4721,2
4722,48
4723,1
4724,4
4725,1
4726,1
4727,2
4728,2
4729,1
4730,2
4731,1
4732,2
4733,1
4734,2
4735,14
4736,6
4737,5
4738,3
4739,7
4740,39
4741,2
4742,1
4743,2
4744,1
4745,4
4746,1
4747,3
4748,3
4749,1
4750,2
4751,1
4752,86
4753,20
4754,40
4755,18
4756,16
4757,1
4758,6
4759,12
4760,20
4761,1
4762,2
4763,1
4764,2
4765,3
4766,1
4767,1
4768,7
4769,1
4770,2
4771,1
4772,1
4773,43
4774,1
4775,2
4776,26
4777,3
4778,1
4779,2
4780,1
4781,1
4782,7
4783,1
4784,475
4785,8
4786,2
4787,10
4788,1
4789,1
4790,214
4791,1
4792,132
4793,1
4794,15
4795,1
4796,1
4797,10
4798,1
4799,1
4800,2
4801,3
4802,1
4803,10
4804,1
4805,153
4806,1
4807,6
4808,4
4809,6
4810,2
4811,56
4812,1
4813,123
4814,26
4815,1
4816,8
4817,1
4818,1
4819,1
4820,3
4821,21
4822,4
4823,1
4824,1
4825,1764
4826,1
4827,3
4828,3
4829,5
4830,9
4831,4
4832,1
4833,2
4834,7
4835,1
4836,3
4837,23
4838,1
4839,4
4840,1
4841,48
4842,1
4843,19
4844,140
4845,1
4846,25
4847,1
4848,5
4849,2
4850,5
4851,4
4852,1
4853,1
4854,8
4855,2
4856,2
4857,1
4858,1
4859,3
4860,1
4861,1
4862,1
4863,1
4864,1
4865,1
4866,3
4867,1
4868,1
4869,11
4870,2
4871,2
4872,5
4873,1
4874,174
4875,1
4876,51
4877,1
4878,2
4879,3
4880,1
4881,20
4882,1
4883,1
4884,3
4885,8
4886,4
4887,377
4888,57
4889,1
4890,1
4891,26
4892,7
4893,2
4894,4
4895,199
4896,5
4897,3
4898,1
4899,1
4900,1
4901,2
4902,51
4903,1
4904,72
4905,673
4906,1
4907,1
4908,1
4909,14
4910,1
4911,38
4912,1
4913,2
4914,314
4915,2
4916,1
4917,1
4918,3
4919,1
4920,4
4921,23
4922,49
4923,2
4924,2
4925,1
4926,1
4927,1
4928,2
4929,6
4930,5
4931,2
4932,1
4933,1
4934,1
4935,2
4936,1
4937,1
4938,1
4939,1
4940,1
4941,1
4942,1
4943,18
4944,2
4945,2
4946,1
4947,1
4948,32
4949,2
4950,4
4951,1
4952,7
4953,4
4954,29
4955,23
4956,1
4957,1
4958,2
4959,22
4960,2
4961,2
4962,11
4963,1
4964,2
4965,1
4966,937
4967,1
4968,8
4969,1
4970,2
4971,5
4972,1
4973,3
4974,10
4975,1
4976,1
4977,9
4978,1
4979,2
4980,1
4981,5
4982,1
4983,2
4984,1
4985,2
4986,1
4987,1
4988,2
4989,2
4990,2
4991,2741
4992,1
4993,80
4994,2
4995,14
4996,1
4997,35
4998,7
4999,1
5000,4
5001,6
5002,1
5003,9
5004,3
5005,4
5006,3
5007,1
5008,485
5009,2
5010,2
5011,8
5012,1
5013,7
5014,1
5015,1
5016,1
5017,36
5018,566
5019,4
5020,1
5021,44
5022,1
5023,2
5024,1
5025,1
5026,1
5027,11
5028,1
5029,1
5030,22
5031,1
5032,5
5033,3
5034,1
5035,41
5036,1
5037,1
5038,1
5039,4
5040,3
5041,1
5042,1
5043,1
5044,2
5045,2
5046,38
5047,1
5048,3
5049,8
5050,1
5051,1
5052,1
5053,1
5054,3
5055,7
5056,2
5057,2
5058,8
5059,1
5060,2
5061,2
5062,10
5063,4
5064,4
5065,1
5066,19
5067,16
5068,11
5069,1
5070,1
5071,1
5072,1
5073,1
5074,1
5075,5
5076,1
5077,4
5078,3
5079,1
5080,1
5081,161
5082,1
5083,1
5084,2
5085,3
5086,1
5087,1
5088,9
5089,3
5090,1
5091,13
5092,1
5093,84
5094,3
5095,2
5096,1
5097,1
5098,1
5099,1
5100,1
5101,3
5102,1
5103,4
5104,20
5105,1
5106,1
5107,1
5108,13
5109,13
5110,4
5111,1
5112,1
5113,47
5114,10
5115,86
5116,1
5117,1
5118,1
5119,3
5120,4
5121,3
5122,1
5123,3
5124,2
5125,1
5126,33
5127,1
5128,1
5129,1
5130,3
5131,1648
5132,6
5133,1
5134,1
5135,10
5136,1
5137,41
5138,1
5139,1
5140,1
5141,9
5142,1
5143,143
5144,13
5145,2
5146,696
5147,1
5148,1
5149,28
5150,6
5151,1
5152,19
5153,578
5154,2
5155,1
5156,1
5157,957
5158,1
5159,6
5160,3
5161,1
5162,1
5163,2
5164,1
5165,5
5166,1
5167,3
5168,2
5169,1
5170,4
5171,13
5172,8
5173,1
5174,1
5175,4
5176,2
5177,1
5178,2
5179,191
5180,1
5181,1
5182,1
5183,1
5184,1
5185,1
5186,9
5187,1
5188,1
5189,6
5190,4
5191,2290
5192,1
5193,35
5194,58
5195,1
5196,3
5197,2
5198,1
5199,13
5200,2
5201,1
5202,3
5203,2
5204,336
5205,1
5206,2
5207,1
5208,3
5209,7
5210,1
5211,1
5212,1
5213,2
5214,5
5215,3
5216,1
5217,3
5218,1
5219,9
5220,1
5221,4
5222,23
5223,2
5224,10
5225,3
5226,219
5227,7
5228,4
5229,3
5230,1
5231,51
5232,9
5233,3
5234,1
5235,3
5236,1
5237,518
5238,15
5239,1
5240,19
5241,63
5242,21
5243,1
5244,1
5245,1
5246,1
5247,2
5248,3
5249,6
5250,1
5251,2
5252,1
5253,1
5254,4
5255,1
5256,1
5257,3
5258,12
5259,17
5260,1592
5261,6
5262,1
5263,61
5264,1
5265,5
5266,1
5267,2
5268,11
5269,56
5270,4
5271,7
5272,1
5273,1
5274,1
5275,1
5276,6
5277,12
5278,2
5279,2
5280,1
5281,1
5282,8
5283,2
5284,1
5285,1
5286,1
5287,10
5288,4
5289,6
5290,21
5291,1
5292,1
5293,4
5294,98
5295,11
5296,2
5297,1
5298,13
5299,1
5300,1
5301,101
5302,8
5303,1
5304,1
5305,4
5306,1
5307,1
5308,5
5309,1
5310,43
5311,2
5312,12
5313,27
5314,1
5315,1
5316,1
5317,29
5318,1
5319,18
5320,1
5321,1
5322,3
5323,1
5324,67
5325,1
5326,3
5327,995
5328,1
5329,5
5330,3
5331,1
5332,1
5333,1
5334,1
5335,1
5336,1
5337,48
5338,1
5339,1
5340,1
5341,1
5342,1
5343,1
5344,1
5345,1
5346,1
5347,15
5348,97
5349,2
5350,3
5351,8
5352,1
5353,2
5354,1
5355,55
5356,48
5357,56
5358,18
5359,19
5360,1
5361,237
5362,18
5363,1
5364,2
5365,4
5366,2
5367,2
5368,1
5369,9
5370,3
5371,1
5372,1
5373,13
5374,1
5375,407
5376,5
5377,78
5378,9
5379,28
5380,71
5381,9
5382,1
5383,1
5384,1
5385,1
5386,1
5387,30
5388,1
5389,2
5390,2
5391,1
5392,2
5393,52
5394,1
5395,38
5396,7
5397,15
5398,1
5399,1
5400,1
5401,2
5402,7
5403,2
5404,1
5405,1
5406,1
5407,3
5408,1
5409,29
5410,2
5411,1
5412,1
5413,3
5414,1
5415,12
5416,20
5417,1
5418,1
5419,36
5420,75
5421,3
5422,2
5423,3
5424,1
5425,2
5426,84
5427,1
5428,1
5429,1
5430,42
5431,3
5432,13
5433,86
5434,179
5435,202
5436,15
5437,1
5438,3
5439,2
5440,3
5441,160
5442,3
5443,3
5444,118
5445,2
5446,1
5447,3
5448,2
5449,17
5450,1
5451,1
5452,1
5453,2
5454,1
5455,1
5456,31
5457,6
5458,25
5459,2
5460,2
5461,8
5462,3
5463,1
5464,32
5465,20
5466,3
5467,124
5468,8
5469,1
5470,3
5471,2
5472,1
5473,2
5474,1
5475,26
5476,2
5477,1
5478,20
5479,1
5480,1
5481,1468
5482,2
5483,1
5484,4
5485,5
5486,1
5487,1
5488,2
5489,1
5490,2
5491,5
5492,7
5493,1
5494,1
5495,8
5496,3
5497,4
5498,28
5499,1
5500,3
5501,4
5502,475
5503,4
5504,185
5505,4
5506,1
5507,1
5508,62
5509,11
5510,4
5511,28
5512,2
5513,1
5514,3
5515,4
5516,1
5517,1
5518,210
5519,23
5520,1
5521,2
5522,2
5523,10
5524,1
5525,1
5526,1
5527,1
5528,11
5529,10
5530,5
5531,7
5532,3
5533,2
5534,12
5535,1
5536,1
5537,1
5538,3
5539,10
5540,5
5541,7
5542,2
5543,2
5544,1
5545,1146
5546,1
5547,1
5548,1
5549,1
5550,2
5551,41
5552,2
5553,1
5554,399
5555,31
5556,1
5557,1
5558,1
5559,56
5560,1
5561,1
5562,1
5563,1
5564,1
5565,1
5566,15
5567,2
5568,18
5569,4
5570,2
5571,1
5572,46
5573,3
5574,7
5575,2
5576,108
5577,2
5578,8
5579,2
5580,2
5581,1
5582,14
5583,1
5584,1
5585,3
5586,2
5587,1
5588,37
5589,4
5590,1
5591,1
5592,3
5593,106
5594,1
5595,3
5596,7
5597,14
5598,2
5599,1
5600,1
5601,1
5602,1
5603,3
5604,51
5605,2
5606,1
5607,7
5608,13
5609,18
5610,1
5611,2
5612,1
5613,855
5614,1
5615,1
5616,1
5617,1
5618,1
5619,1
5620,3
5621,1
5622,11
5623,3696
5624,13
5625,5
5626,47
5627,1
5628,2
5629,5
5630,1
5631,2
5632,3
5633,1
5634,1
5635,1
5636,1
5637,8
5638,8
5639,12
5640,2
5641,18
5642,4
5643,1
5644,1
5645,1
5646,1
5647,5
5648,3
5649,1
5650,2
5651,35
5652,1
5653,2
5654,2
5655,2
5656,39
5657,1
5658,2
5659,1
5660,1
5661,3
5662,43
5663,5
5664,1
5665,1
5666,5
5667,2
5668,1
5669,13
5670,1
5671,2
5672,11
5673,3
5674,20
5675,1
5676,1
5677,1
5678,1
5679,1
5680,1
5681,104
5682,1
5683,24
5684,1
5685,1
5686,10
5687,5
5688,1
5689,2
5690,9
5691,1
5692,4
5693,4
5694,1
5695,4
5696,2
5697,1
5698,1
5699,11
5700,2
5701,1
5702,3
5703,4
5704,1466
5705,3
5706,1
5707,69
5708,10
5709,14
5710,1
5711,1
5712,1
5713,1
5714,1
5715,1
5716,1
5717,2
5718,1
5719,3
5720,1
5721,2
5722,5
5723,1
5724,6
5725,1
5726,2
5727,21
5728,3
5729,58
5730,2
5731,8
5732,1
5733,1
5734,147
5735,2
5736,3
5737,1
5738,2
5739,22
5740,2
5741,5
5742,6
5743,1
5744,1
5745,11
5746,1
5747,1
5748,3
5749,18
5750,3
5751,1
5752,7
5753,1
5754,7
5755,3
5756,1
5757,3
5758,7
5759,3
5760,5
5761,232
5762,27
5763,1
5764,2
5765,4
5766,2
5767,1
5768,3
5769,2
5770,478
5771,1
5772,1
5773,1
5774,1
5775,3
5776,14
5777,2
5778,3
5779,6
5780,1
5781,1
5782,1
5783,6
5784,1
5785,2
5786,1
5787,6
5788,1
5789,1
5790,242
5791,1
5792,2
5793,2
5794,2
5795,1
5796,139
5797,1
5798,6
5799,1
5800,64
5801,22
5802,1
5803,14
5804,2
5805,299
5806,1
5807,1
5808,1
5809,4
5810,462
5811,6
5812,8
5813,14
5814,1
5815,4
5816,18
5817,50
5818,3
5819,2
5820,4
5821,1
5822,5
5823,2
5824,2
5825,1
5826,6
5827,1
5828,2
5829,26
5830,6
5831,367
5832,1
5833,9
5834,1
5835,1
5836,14
5837,3
5838,1
5839,1
5840,1
5841,1
5842,1
5843,30
5844,1
5845,69
5846,1
5847,4
5848,1
5849,2
5850,15
5851,1
5852,169
5853,123
5854,2
5855,1
5856,7
5857,3
5858,21
5859,1
5860,3
5861,1
5862,1
5863,1
5864,1
5865,4
5866,13
5867,3
5868,2
5869,1
5870,7
5871,2
5872,5
5873,1
5874,3
5875,1
5876,1
5877,1
5878,2
5879,15
5880,1
5881,1
5882,5
5883,3
5884,1
5885,12
5886,1
5887,43
5888,8
5889,2
5890,1
5891,695
5892,1
5893,1
5894,50
5895,2
5896,186
5897,26
5898,17
5899,12
5900,1
5901,4
5902,4
5903,1
5904,5
5905,5
5906,1
5907,3
5908,1
5909,1
5910,3
5911,505
5912,3
5913,1
5914,5
5915,2
5916,2
5917,35
5918,1
5919,339
5920,1
5921,23
5922,1
5923,1
5924,1
5925,4
5926,2
5927,1
5928,1
5929,5
5930,7
5931,1
5932,1
5933,2
5934,2
5935,30
5936,1
5937,2
5938,1
5939,1
5940,1
5941,4
5942,3
5943,3
5944,11
5945,11
5946,1
5947,2
5948,15
5949,55
5950,9
5951,1
5952,1
5953,1
5954,1
5955,4
5956,1
5957,1
5958,7
5959,1
5960,1
5961,2
5962,16
5963,2
5964,1
5965,1
5966,1
5967,1
5968,5
5969,1
5970,1
5971,3
5972,7
5973,1
5974,1
5975,1
5976,3
5977,1
5978,1
5979,18
5980,8
5981,1
5982,36
5983,129
5984,2
5985,1
5986,1
5987,6
5988,1
5989,1
5990,2
5991,90
5992,1
5993,3
5994,2
5995,3
5996,9
5997,1
5998,2
5999,2
6000,5
6001,1405
6002,1
6003,1
6004,1
6005,1
6006,6
6007,1
6008,1
6009,1
6010,138
6011,3
6012,3
6013,6
6014,77
6015,3
6016,1
6017,3
6018,2
6019,12
6020,1
6021,1
6022,2
6023,5
6024,4
6025,1
6026,271
6027,12
6028,1
6029,18
6030,1
6031,359
6032,3
6033,15
6034,8
6035,2
6036,3
6037,1
6038,1
6039,5
6040,4
6041,2
6042,1
6043,2
6044,1
6045,1
6046,1
6047,43
6048,15
6049,2
6050,1
6051,2
6052,1
6053,6
6054,1
6055,3
6056,1
6057,7
6058,28
6059,1
6060,2
6061,1
6062,1
6063,3
6064,1
6065,6
6066,1
6067,2
6068,15
6069,1
6070,36
6071,1
6072,1
6073,36
6074,2
6075,2
6076,1
6077,1
6078,1
6079,1
6080,11
6081,23
6082,3
6083,2
6084,9
6085,6
6086,48
6087,1
6088,2
6089,189
6090,1
6091,19
6092,3
6093,3
6094,1
6095,1
6096,1
6097,262
6098,4
6099,1
6100,1
6101,4
6102,3248
6103,1
6104,3
6105,13
6106,1
6107,1
6108,30
6109,1
6110,2
6111,226
6112,1
6113,1
6114,1
6115,1
6116,3905
6117,7
6118,5
6119,18
6120,2
6121,3
6122,1
6123,1
6124,1
6125,1
6126,1
6127,4
6128,1
6129,1
6130,1
6131,1
6132,99
6133,23
6134,2
6135,3
6136,3
6137,4
6138,17
6139,3
6140,37
6141,1
6142,75
6143,1
6144,113
6145,9
6146,1
6147,22
6148,1
6149,1
6150,230
6151,2
6152,4
6153,1
6154,8
6155,1
6156,1
6157,3
6158,23
6159,1
6160,5
6161,3
6162,3
6163,1
6164,2
6165,1
6166,1
6167,21
6168,1
6169,5
6170,6
6171,1
6172,3
6173,4
6174,1
6175,1
6176,1
6177,1
6178,28
6179,2
6180,3
6181,1
6182,43
6183,2
6184,1
6185,1
6186,3
6187,244
6188,1
6189,1
6190,1
6191,2
6192,1
6193,1
6194,2
6195,26
6196,10
6197,1
6198,3
6199,9
6200,1
6201,12
6202,2
6203,12
6204,6
6205,1
6206,91
6207,3
6208,1
6209,1
6210,2
6211,21
6212,1
6213,1
6214,1
6215,1
6216,4
6217,1
6218,1
6219,3
6220,1
6221,1
6222,1
6223,1
6224,11
6225,1
6226,1
6227,8
6228,1
6229,2
6230,1
6231,3
6232,14
6233,1
6234,1
6235,1
6236,7
6237,1
6238,6
6239,5
6240,1
6241,1
6242,1
6243,2
6244,9
6245,1
6246,2
6247,3
6248,1
6249,2
6250,2
6251,5
6252,23
6253,4
6254,2
6255,2
6256,1
6257,6
6258,81
6259,1
6260,1
6261,1
6262,2996
6263,1
6264,1
6265,51
6266,2
6267,3
6268,10
6269,12
6270,1
6271,2
6272,59
6273,1
6274,1
6275,2
6276,17
6277,1
6278,6
6279,3
6280,1
6281,1
6282,1
6283,1
6284,62
6285,12
6286,3
6287,5
6288,3
6289,1
6290,2
6291,5
6292,1
6293,31
6294,1
6295,6
6296,135
6297,5
6298,2
6299,69
6300,2
6301,1
6302,1
6303,1
6304,2
6305,1
6306,7
6307,2
6308,2
6309,2
6310,18
6311,1
6312,1
6313,1
6314,1
6315,1
6316,1
6317,1
6318,3
6319,1
6320,1
6321,4
6322,1
6323,2
6324,1
6325,2
6326,1
6327,1
6328,2
6329,1
6330,3
6331,1
6332,4
6333,13
6334,2
6335,5
6336,37
6337,5
6338,16
6339,1
6340,5
6341,4
6342,250
6343,31
6344,1
6345,2
6346,2
6347,1
6348,1
6349,47
6350,20
6351,2
6352,1
6353,94
6354,2
6355,11
6356,3
6357,1
6358,1
6359,2
6360,1
6361,1
6362,1
6363,1
6364,1
6365,1
6366,1
6367,2
6368,1
6369,5
6370,4
6371,1
6372,4
6373,5
6374,1
6375,5
6376,1
6377,1
6378,13
6379,1
6380,4
6381,1
6382,2
6383,1
6384,1
6385,3
6386,3
6387,1
6388,5
6389,2
6390,3
6391,1
6392,4
6393,35
6394,1
6395,18
6396,1
6397,16
6398,11
6399,2
6400,1
6401,537
6402,83
6403,1
6404,2
6405,15
6406,1
6407,1
6408,1
6409,2
6410,1
6411,3
6412,1
6413,7
6414,40
6415,1
6416,2
6417,7
6418,1
6419,1
6420,1
6421,1
6422,1
6423,2
6424,1
6425,1
6426,4
6427,2
6428,827
6429,1
6430,3
6431,2
6432,3
6433,1
6434,2
6435,1
6436,7
6437,2
6438,5
6439,1
6440,1
6441,1
6442,1
6443,8
6444,9
6445,1
6446,4
6447,2
6448,1
6449,2
6450,4
6451,4
6452,4
6453,3
6454,10
6455,83
6456,1
6457,1
6458,6
6459,54
6460,1
6461,2
6462,1
6463,1
6464,6
6465,1
6466,1
6467,2
6468,41
6469,1
6470,2
6471,1
6472,1
6473,1
6474,428
6475,1
6476,2
6477,4
6478,6
6479,1
6480,4
6481,18
6482,67
6483,1
6484,10
6485,2
6486,1
6487,2
6488,1
6489,15
6490,1
6491,4
6492,1
6493,1
6494,2
6495,1
6496,17
6497,1
6498,1
6499,1
6500,2
6501,1
6502,2
6503,1
6504,3
6505,4
6506,9
6507,1
6508,1
6509,6
6510,59
6511,1
6512,1
6513,5
6514,19
6515,3
6516,66
6517,1
6518,1
6519,1
6520,2252
6521,2
6522,1
6523,1
6524,2
6525,3
6526,1
6527,9
6528,1
6529,1
6530,1
6531,38
6532,1
6533,1
6534,433
6535,5
6536,1
6537,1
6538,4
6539,51
6540,2
6541,2
6542,1
6543,2
6544,1
6545,3
6546,1
6547,16
6548,1
6549,1
6550,3
6551,2
6552,1
6553,1
6554,23
6555,1
6556,10
6557,3
6558,2
6559,1
6560,1
6561,2
6562,1
6563,22
6564,4
6565,2
6566,1
6567,2
6568,7
6569,2
6570,1
6571,1
6572,9
6573,6
6574,74
6575,1
6576,1
6577,3
6578,1
6579,3
6580,7
6581,11
6582,7
6583,28
6584,3
6585,1
6586,1
6587,16
6588,1
6589,4
6590,10
6591,1
6592,1
6593,1
6594,3
6595,1
6596,5
6597,2
6598,25
6599,136
6600,1
6601,2
6602,195
6603,2
6604,1
6605,1
6606,24
6607,11
6608,1
6609,4
6610,16
6611,1
6612,2
6613,2
6614,5
6615,3
6616,12
6617,1
6618,3
6619,1
6620,1
6621,4
6622,1
6623,4
6624,1
6625,2
6626,5
6627,1
6628,1
6629,2
6630,12
6631,33
6632,1
6633,3
6634,7
6635,1
6636,1
6637,2
6638,2
6639,2
6640,17
6641,1
6642,1
6643,2
6644,1
6645,1
6646,7
6647,1
6648,116
6649,17
6650,5
6651,1
6652,1
6653,1
6654,1
6655,1
6656,3
6657,1
6658,1
6659,1
6660,2
6661,6
6662,183
6663,1
6664,5
6665,3
6666,1
6667,1
6668,3
6669,1
6670,2
6671,1
6672,1
6673,1
6674,344
6675,5
6676,1
6677,6
6678,6
6679,16
6680,1
6681,2
6682,12
6683,8
6684,7
6685,1
6686,7
6687,7
6688,3
6689,1
6690,1
6691,1
6692,3
6693,3
6694,16
6695,1
6696,1
6697,3
6698,9
6699,8
6700,11
6701,1
6702,2
6703,2
6704,2
6705,1
6706,1
6707,169
6708,1
6709,16
6710,2
6711,1
6712,1
6713,1
6714,16
6715,6
6716,1
6717,1
6718,3
6719,2
6720,1
6721,2
6722,1
6723,1
6724,6
6725,1
6726,1
6727,3
6728,41
6729,1
6730,1
6731,1
6732,1
6733,8
6734,3
6735,1
6736,4
6737,3
6738,2
6739,27
6740,145
6741,6
6742,4
6743,2
6744,1
6745,250
6746,258
6747,2
6748,1
6749,1
6750,1
6751,1
6752,4
6753,1
6754,1
6755,1
6756,1
6757,19
6758,1
6759,4
6760,2
6761,1
6762,1
6763,1
6764,1
6765,471
6766,6
6767,2
6768,11
6769,5
6770,33
6771,1
6772,1
6773,11
6774,1
6775,1
6776,1
6777,1
6778,6
6779,1
6780,9
6781,4
6782,1
6783,1
6784,1
6785,4
6786,1
6787,13
6788,1
6789,1
6790,2
6791,1
6792,2
6793,62
6794,2
6795,1
6796,2300
6797,1
6798,7
6799,15
6800,2
6801,1
6802,2
6803,1
6804,2
6805,1
6806,1
6807,35
6808,1
6809,4
6810,33
6811,2
6812,3
6813,1
6814,1
6815,3
6816,3
6817,19
6818,2
6819,1
6820,18
6821,1
6822,28
6823,1
6824,11
6825,2
6826,1
6827,1
6828,12
6829,1
6830,1
6831,1
6832,1
6833,3
6834,2
6835,4
6836,1
6837,1
6838,1
6839,2
6840,6
6841,5
6842,2
6843,13
6844,1
6845,1
6846,7
6847,1
6848,1
6849,1
6850,1
6851,35
6852,9
6853,11
6854,1
6855,12
6856,2
6857,2
6858,3
6859,1
6860,6
6861,2
6862,1
6863,1
6864,2
6865,40
6866,2
6867,1
6868,5
6869,1
6870,1
6871,2
6872,2
6873,1
6874,4
6875,3
6876,1
6877,2
6878,1
6879,2
6880,2
6881,2
6882,1395
6883,1
6884,1
6885,1
6886,10
6887,1
6888,8
6889,1
6890,2
6891,1
6892,1
6893,1
6894,8
6895,1
6896,9
6897,316
6898,16
6899,1
6900,3
6901,1
6902,1
6903,5
6904,113
6905,1
6906,14
6907,1
6908,10
6909,6
6910,1
6911,28
6912,2
6913,4
6914,5
6915,2
6916,4
6917,3
6918,1
6919,4
6920,2
6921,1
6922,1
6923,138
6924,1
6925,2
6926,6
6927,11
6928,6
6929,1
6930,1
6931,129
6932,4
6933,2
6934,1
6935,8
6936,11
6937,1
6938,7
6939,24
6940,2
6941,13
6942,1
6943,3
6944,12
6945,2
6946,10
6947,1
6948,1
6949,2
6950,32
6951,1
6952,6
6953,4
6954,21
6955,1
6956,1
6957,2
6958,2
6959,27
6960,18
6961,1
6962,1
6963,1
6964,2
6965,7
6966,52
6967,1
6968,1
6969,70
6970,1
6971,10
6972,4
6973,205
6974,1
6975,8
6976,1
6977,3
6978,56
6979,193
6980,1
6981,1
6982,11
6983,1
6984,1
6985,1
6986,9
6987,267
6988,2
6989,1
6990,4
6991,2
6992,1
6993,1
6994,5
6995,1
6996,1
6997,134
6998,13
6999,3
7000,233
7001,1
7002,34
7003,1
7004,1
7005,1
7006,3
7007,3
7008,380
7009,3
7010,7
7011,1
7012,1
7013,4
7014,4
7015,2
7016,2
7017,3
7018,1
7019,3
7020,1
7021,1
7022,5
7023,1
7024,1
7025,1
7026,85
7027,1
7028,1
7029,1
7030,2
7031,15
7032,2
7033,13
7034,4
7035,3
7036,2
7037,1
7038,1
7039,3
7040,10
7041,1
7042,1
7043,74
7044,2
7045,2
7046,10
7047,1
7048,2
7049,16
7050,77
7051,1
7052,7
7053,25
7054,57
7055,1
7056,1
7057,77
7058,1
7059,2
7060,2
7061,1
7062,11
7063,3
7064,2
7065,1
7066,2
7067,1
7068,266
7069,8
7070,1
7071,3
7072,1
7073,1
7074,2
7075,1
7076,1
7077,1483
7078,1
7079,6
7080,1
7081,4
7082,18
7083,2
7084,1
7085,2
7086,6
7087,2
7088,1
7089,146
7090,26
7091,1
7092,1
7093,33
7094,2
7095,38
7096,1
7097,2
7098,1
7099,1
7100,1
7101,1
7102,1
7103,1
7104,6
7105,1
7106,1
7107,2
7108,13
7109,3
7110,2
7111,1
7112,1
7113,2
7114,1
7115,1
7116,1
7117,3
7118,1
7119,1
7120,1
7121,1
7122,1
7123,1
7124,12
7125,2
7126,3
7127,3
7128,1
7129,1
7130,5
7131,3
7132,1
7133,1
7134,1
7135,1
7136,1
7137,4
7138,1
7139,1
7140,3
7141,11
7142,1
7143,1
7144,1
7145,12
7146,1
7147,1
7148,1
7149,1
7150,2
7151,1
7152,1
7153,1
7154,55
7155,1
7156,2
7157,5
7158,3
7159,1
7160,1
7161,3
7162,2
7163,1
7164,1
7165,16
7166,2
7167,3
7168,1
7169,5
7170,5
7171,1
7172,4
7173,1
7174,14
7175,2
7176,2
7177,1
7178,5
7179,1
7180,3
7181,1
7182,3
7183,1
7184,2
7185,1
7186,6
7187,2
7188,2
7189,1
7190,12
7191,1
7192,5
7193,1
7194,1
7195,2
7196,15
7197,3
7198,3
7199,1
7200,1
7201,1
7202,5
7203,7
7204,9
7205,1
7206,1
7207,1
7208,1
7209,2
7210,2
7211,1
7212,1
7213,1
7214,2
7215,12
7216,13
7217,1
7218,1
7219,2
7220,3
7221,1
7222,4
7223,2
7224,1
7225,1
7226,57
7227,1
7228,1
7229,1
7230,1
7231,3
7232,1
7233,19
7234,1
7235,3
7236,1
7237,2
7238,1423
7239,1
7240,1
7241,1
7242,1
7243,2
7244,2
7245,2
7246,1
7247,2
7248,1
7249,1
7250,5
7251,1
7252,13
7253,15
7254,3
7255,1
7256,1
7257,13
7258,2
7259,158
7260,147
7261,2253
7262,1
7263,117
7264,683
7265,16
7266,1
7267,2
7268,1
7269,2
7270,3
7271,2
7272,1
7273,6
7274,1
7275,54
7276,1
7277,6
7278,1
7279,2
7280,4
7281,6
7282,1
7283,8
7284,1
7285,1
7286,10
7287,32
7288,51
7289,1
7290,1
7291,1
7292,1
7293,1
7294,1
7295,1
7296,1
7297,1
7298,3
7299,2
7300,2
7301,5
7302,1
7303,1
7304,75
7305,1
7306,1
7307,1
7308,1
7309,1
7310,2
7311,3
7312,1
7313,1
7314,11
7315,1
7316,2
7317,1
7318,2
7319,2
7320,1
7321,2
7322,9
7323,13
7324,2
7325,1
7326,2
7327,2
7328,1
7329,2
7330,6
7331,8
7332,1
7333,1
7334,1
7335,3
7336,3
7337,6
7338,3
7339,1
7340,13
7341,1
7342,1
7343,5
7344,2
7345,30
7346,1
7347,4
7348,1
7349,1
7350,1
7351,2
7352,2
7353,11
7354,41
7355,1
7356,50
7357,1
7358,21
7359,2
7360,1
7361,7
7362,2
7363,1
7364,1
7365,2
7366,1
7367,6
7368,2
7369,4
7370,81
7371,1
7372,4
7373,1
7374,1
7375,1
7376,2
7377,5
7378,1
7379,3
7380,4
7381,1
7382,1
7383,1
7384,4
7385,1
7386,13
7387,10
7388,4
7389,5
7390,6
7391,9
7392,1
7393,4
7394,3
7395,1
7396,1
7397,2
7398,4
7399,1
7400,1
7401,1
7402,1
7403,5
7404,1
7405,2
7406,2
7407,3
7408,1
7409,1
7410,23
7411,1
7412,313
7413,1
7414,1
7415,3
7416,11
7417,9
7418,4
7419,3
7420,3
7421,1
7422,5
7423,1
7424,1
7425,5
7426,4
7427,300
7428,1
7429,1
7430,1
7431,1
7432,4
7433,216
7434,68
7435,25
7436,3
7437,6
7438,1
7439,1
7440,7
7441,8
7442,4
7443,36
7444,4
7445,1
7446,1
7447,12
7448,9
7449,4
7450,146
7451,4
7452,1
7453,4
7454,28
7455,1
7456,2
7457,2
7458,30
7459,12
7460,28
7461,2
7462,2
7463,5
7464,1
7465,2
7466,1
7467,1
7468,1
7469,3
7470,1
7471,3
7472,4
7473,80
7474,1
7475,3
7476,1
7477,5
7478,1
7479,2
7480,1
7481,6
7482,247
7483,1
7484,2
7485,5
7486,3
7487,1
7488,1
7489,1
7490,2
7491,1
7492,3
7493,4
7494,280
7495,1
7496,1
7497,14
7498,1
7499,1
7500,1
7501,2
7502,9
7503,16
7504,1
7505,5
7506,1
7507,6
7508,1
7509,3492
7510,6
7511,2
7512,1
7513,2
7514,3
7515,7
7516,6
7517,7
7518,80
7519,25
7520,2
7521,3
7522,24
7523,1
7524,10
7525,194
7526,5
7527,22
7528,1
7529,1
7530,2
7531,2
7532,23
7533,4
7534,1
7535,2
7536,15
7537,4
7538,7
7539,1
7540,1
7541,11
7542,10
7543,2
7544,2
7545,1
7546,1
7547,1
7548,11
7549,1
7550,25
7551,1
7552,1
7553,2
7554,5
7555,1
7556,2
7557,2
7558,1
7559,5
7560,2
7561,1
7562,38
7563,4
7564,1
7565,1
7566,1
7567,3
7568,15
7569,73
7570,3
7571,27
7572,1
7573,1
7574,2
7575,3
7576,1
7577,1
7578,67
7579,3
7580,1
7581,1
7582,1
7583,2
7584,1
7585,56
7586,1
7587,4
7588,2
7589,1
7590,2
7591,1
7592,1
7593,1
7594,4
7595,1
7596,6
7597,1
7598,5
7599,5
7600,1
7601,1
7602,1
7603,2
7604,690
7605,2
7606,1
7607,18
7608,155
7609,1
7610,4
7611,1
7612,1
7613,1
7614,1
7615,1
7616,1
7617,1
7618,1
7619,1
7620,1
7621,5
7622,6
7623,1
7624,2
7625,1
7626,3
7627,1
7628,3
7629,5
7630,1
7631,2
7632,1
7633,2
7634,12
7635,2
7636,1
7637,81
7638,1
7639,1
7640,2
7641,1
7642,22
7643,3
7644,305
7645,1
7646,1
7647,1
7648,2
7649,1
7650,3
7651,1
7652,74
7653,2
7654,1
7655,1
7656,1
7657,1
7658,55
7659,1
7660,49
7661,2
7662,2
7663,1
7664,1
7665,2
7666,1
7667,1
7668,1
7669,1
7670,2
7671,1
7672,2
7673,17
7674,1
7675,1
7676,8
7677,85
7678,1
7679,3
7680,1
7681,1
7682,12
7683,2
7684,3
7685,3
7686,3
7687,40
7688,1
7689,1
7690,2
7691,3
7692,1
7693,1
7694,1
7695,45
7696,1
7697,1
7698,1
7699,3
7700,1
7701,1
7702,4
7703,5
7704,1
7705,1
7706,7
7707,1
7708,13
7709,1
7710,1
7711,1
7712,2
7713,972
7714,6
7715,1
7716,93
7717,2
7718,3
7719,20
7720,6
7721,1
7722,2
7723,1
7724,2
7725,1
7726,2
7727,1
7728,1
7729,10
7730,1
7731,1
7732,1
7733,1
7734,1
7735,2
7736,1
7737,5
7738,18
7739,3
7740,2
7741,1
7742,4
7743,3
7744,1
7745,2
7746,2
7747,1
7748,5
7749,94
7750,1
7751,6
7752,1
7753,1
7754,1
7755,2
7756,3
7757,1
7758,1
7759,3
7760,1
7761,1
7762,17
7763,1
7764,2
7765,1
7766,2
7767,5
7768,14
7769,16
7770,3
7771,2
7772,1
7773,5
7774,1
7775,1
7776,6
7777,28
7778,1
7779,4
7780,2
7781,8
7782,2
7783,2
7784,1
7785,1
7786,1
7787,4
7788,6
7789,2
7790,1
7791,1
7792,2
7793,1
7794,6
7795,1
7796,1
7797,2
7798,7
7799,1
7800,1
7801,1
7802,17
7803,10
7804,1
7805,1
7806,1
7807,1
7808,1
7809,1
7810,2
7811,1
7812,1
7813,1
7814,8
7815,1
7816,6
7817,73
7818,6
7819,1
7820,26
7821,2
7822,1
7823,22
7824,1
7825,2
7826,257
7827,1
7828,4
7829,1
7830,2
7831,1
7832,3
7833,1
7834,3
7835,1
7836,1
7837,1
7838,1
7839,1
7840,1
7841,1
7842,2
7843,4
7844,1
7845,1
7846,1
7847,1
7848,2
7849,4
7850,1
7851,6
7852,3
7853,1
7854,1
7855,1
7856,1
7857,2
7858,2
7859,1
7860,1
7861,1
7862,4
7863,109
7864,1
7865,15
7866,4
7867,58
7868,1
7869,1
7870,1
7871,10
7872,10
7873,18
7874,1
7875,11
7876,12
7877,3
7878,1
7879,1
7880,1
7881,32
7882,1
7883,1
7884,8
7885,3
7886,5
7887,3
7888,2
7889,1
7890,1
7891,1
7892,1
7893,3
7894,1
7895,1
7896,9
7897,8
7898,200
7899,85
7900,1
7901,1
7902,1
7903,1
7904,2
7905,1
7906,1
7907,1
7908,53
7909,114
7910,1
7911,7
7912,1
7913,42
7914,1
7915,2
7916,1
7917,1
7918,2348
7919,1
7920,2
7921,9
7922,9
7923,9
7924,1
7925,7
7926,1
7927,3
7928,1
7929,1
7930,3
7931,1
7932,2
7933,1
7934,1
7935,6
7936,1
7937,1
7938,2
7939,1
7940,1
7941,1
7942,1
7943,4
7944,3
7945,1
7946,1
7947,1
7948,1
7949,1
7950,675
7951,2
7952,1
7953,6
7954,145
7955,1
7956,1
7957,1
7958,1
7959,1
7960,1
7961,1
7962,1
7963,1
7964,6
7965,7
7966,1
7967,6
7968,9
7969,2
7970,9
7971,5
7972,2
7973,7
7974,1
7975,3
7976,1
7977,6
7978,12
7979,6
7980,1
7981,2
7982,3
7983,5
7984,1
7985,1
7986,3
7987,1
7988,2
7989,1
7990,11
7991,1
7992,3
7993,17
7994,2
7995,23
7996,10
7997,1
7998,1
7999,3
8000,3
8001,1
8002,1
8003,13
8004,1
8005,2
8006,1
8007,3
8008,1
8009,2
8010,21
8011,1
8012,3
8013,1
8014,1
8015,1
8016,5
8017,1
8018,1
8019,1
8020,1
8021,1
8022,6
8023,1
8024,1
8025,1
8026,2
8027,1
8028,1
8029,2
8030,5
8031,1
8032,5
8033,5
8034,1
8035,1
8036,1
8037,1
8038,5
8039,1
8040,1
8041,215
8042,2
8043,1
8044,2
8045,1
8046,1
8047,3
8048,5
8049,1
8050,3
8051,1
8052,1
8053,1
8054,4
8055,1
8056,58
8057,1
8058,4
8059,1
8060,1
8061,1
8062,77
8063,1
8064,2
8065,1
8066,2
8067,3
8068,4
8069,1
8070,3
8071,76
8072,1
8073,1
8074,4
8075,2
8076,4
8077,3
8078,3
8079,1
8080,9
8081,1
8082,5
8083,22
8084,55
8085,2
8086,1
8087,8
8088,4
8089,4
8090,11
8091,1
8092,4
8093,87
8094,1
8095,1
8096,1
8097,1
8098,3
8099,1
8100,1
8101,1
8102,1
8103,4
8104,1
8105,12
8106,7
8107,2
8108,13
8109,1
8110,3
8111,1
8112,1
8113,1
8114,2
8115,18
8116,1
8117,1
8118,6
8119,1
8120,1
8121,10
8122,1
8123,5
8124,2
8125,5
8126,1
8127,27
8128,7
8129,1
8130,4
8131,1
8132,1
8133,8
8134,18
8135,1
8136,5
8137,1
8138,8
8139,2
8140,3
8141,2
8142,271
8143,2
8144,58
8145,1
8146,2
8147,38
8148,9
8149,1
8150,4
8151,3
8152,1
8153,3
8154,2
8155,3
8156,1
8157,39
8158,1
8159,3
8160,1
8161,1
8162,7
8163,1
8164,10
8165,1
8166,7
8167,1
8168,9
8169,18
8170,2
8171,2
8172,1
8173,1
8174,2
8175,1
8176,1
8177,1
8178,1
8179,2
8180,1
8181,2
8182,3654
8183,1
8184,1
8185,1
8186,193
8187,2
8188,1
8189,1
8190,1
8191,1
8192,1
8193,1
8194,18
8195,3
8196,1
8197,138
8198,1
8199,1
8200,43
8201,5
8202,5
8203,1
8204,1
8205,6
8206,7
8207,1
8208,1
8209,3
8210,1
8211,7
8212,43
8213,1
8214,4
8215,3
8216,1
8217,12
8218,4
8219,1
8220,1
8221,1
8222,1
8223,2
8224,1
8225,1
8226,1
8227,4
8228,22
8229,2
8230,1
8231,2
8232,1
8233,4
8234,207
8235,18
8236,1
8237,4
8238,1
8239,7
8240,1
8241,1
8242,6
8243,1
8244,20
8245,1
8246,79
8247,1
8248,3
8249,1
8250,1
8251,6
8252,15
8253,1
8254,33
8255,4
8256,4
8257,7
8258,1
8259,1
8260,354
8261,1
8262,1
8263,4
8264,1
8265,1
8266,1
8267,23
8268,3
8269,1
8270,2
8271,5
8272,1
8273,3
8274,1
8275,2
8276,100
8277,2
8278,2
8279,2
8280,1
8281,4
8282,5
8283,66
8284,3
8285,1
8286,8
8287,2
8288,1
8289,2
8290,2
8291,1
8292,1
8293,2
8294,2
8295,1
8296,2
8297,1
8298,3
8299,2
8300,4
8301,1
8302,1
8303,1
8304,3
8305,1
8306,5
8307,1
8308,1
8309,68
8310,1
8311,5
8312,4
8313,2
8314,1
8315,1
8316,15
8317,1
8318,3
8319,2
8320,95
8321,1
8322,1
8323,2
8324,7
8325,1
8326,2
8327,1
8328,2
8329,1
8330,1
8331,1
8332,1
8333,2
8334,1
8335,1
8336,350
8337,1
8338,2
8339,1
8340,86
8341,1
8342,4
8343,1
8344,1
8345,1
8346,1
8347,11
8348,3
8349,1
8350,2
8351,2
8352,1
8353,5
8354,2
8355,2
8356,4
8357,3
8358,1
8359,51
8360,2
8361,6
8362,3
8363,1
8364,8
8365,1
8366,5
8367,2
8368,1
8369,1
8370,1
8371,3
8372,7
8373,5
8374,2
8375,1
8376,1
8377,1
8378,8
8379,2
8380,27
8381,2
8382,1
8383,2
8384,5
8385,6
8386,1
8387,1
8388,1
8389,1
8390,1
8391,2
8392,2
8393,1
8394,15
8395,4
8396,1
8397,2
8398,56
8399,1
8400,2
8401,1
8402,1
8403,3
8404,7
8405,1
8406,1
8407,1
8408,1
8409,7
8410,6
8411,1
8412,1
8413,1
8414,15
8415,2
8416,9
8417,1
8418,3
8419,1
8420,3
8421,12
8422,2
8423,2
8424,1
8425,5
8426,2
8427,2
8428,2
8429,1
8430,1
8431,1
8432,1
8433,1
8434,9
8435,1
8436,3
8437,1
8438,15
8439,1
8440,1
8441,1
8442,1
8443,1
8444,1
8445,6
8446,1
8447,16
8448,3
8449,4
8450,1
8451,2
8452,1
8453,121
8454,1
8455,1
8456,1
8457,1
8458,1
8459,1
8460,4
8461,2
8462,4
8463,1
8464,1
8465,55
8466,11
8467,1
8468,9
8469,2
8470,6
8471,1
8472,2
8473,11
8474,7
8475,1
8476,1
8477,1
8478,2
8479,1
8480,1
8481,1
8482,1
8483,1
8484,1
8485,51
8486,1
8487,38
8488,1
8489,29
8490,1
8491,1
8492,1
8493,3
8494,1
8495,1
8496,6
8497,1
8498,2
8499,6
8500,1
8501,1
8502,642
8503,3
8504,1
8505,4
8506,4
8507,1
8508,8
8509,3
8510,2
8511,1
8512,1
8513,1
8514,2
8515,7
8516,2
8517,2
8518,2
8519,2
8520,2
8521,9
8522,1
8523,1
8524,2
8525,1
8526,1
8527,1
8528,4
8529,1
8530,6
8531,1
8532,7
8533,5
8534,63
8535,14
8536,1
8537,1
8538,27
8539,2
8540,2
8541,21
8542,25
8543,3
8544,1
8545,1
8546,1
8547,10
8548,2
8549,1
8550,3
8551,11
8552,1
8553,1
8554,8
8555,1
8556,3
8557,1
8558,4
8559,16
8560,2
8561,1
8562,1
8563,32
8564,1
8565,3
8566,1
8567,1
8568,1
8569,3
8570,3
8571,1
8572,1
8573,1
8574,1
8575,27
8576,2
8577,5
8578,2
8579,10
8580,1
8581,1
8582,1
8583,20
8584,5
8585,1
8586,7
8587,100
8588,1
8589,15
8590,4
8591,42
8592,1
8593,48
8594,1
8595,3
8596,45
8597,1
8598,9
8599,5
8600,3
8601,1
8602,12
8603,1
8604,6
8605,1
8606,1
8607,3
8608,75
8609,1
8610,25
8611,2
8612,1
8613,1
8614,1
8615,1
8616,1
8617,1
8618,1
8619,28
8620,1
8621,2
8622,1
8623,1
8624,3
8625,2
8626,1
8627,1
8628,6
8629,1
8630,2
8631,1
8632,8
8633,1
8634,3
8635,1
8636,1
8637,1
8638,2
8639,1
8640,6
8641,1
8642,4
8643,39
8644,1
8645,7
8646,1
8647,1
8648,1
8649,47
8650,1
8651,1
8652,1
8653,1
8654,1
8655,9
8656,14
8657,2
8658,1
8659,13
8660,1
8661,1
8662,4
8663,18
8664,1
8665,1
8666,1
8667,7
8668,2456
8669,2
8670,1
8671,1
8672,2
8673,5
8674,1
8675,8
8676,1
8677,1
8678,1
8679,1
8680,2
8681,2
8682,1
8683,3
8684,2
8685,1
8686,1
8687,7
8688,2
8689,50
8690,1
8691,4
8692,1
8693,2
8694,4
8695,1
8696,1
8697,23
8698,2
8699,1
8700,2
8701,48
8702,13
8703,1
8704,1
8705,3
8706,3
8707,6
8708,14
8709,3
8710,1
8711,5
8712,3
8713,2
8714,2
8715,2
8716,4
8717,1
8718,1
8719,1
8720,16
8721,1
8722,1
8723,4
8724,5
8725,18
8726,13
8727,3
8728,6
8729,1
8730,1
8731,1
8732,1
8733,1
8734,4
8735,2
8736,4
8737,1
8738,161
8739,1
8740,1
8741,1
8742,1
8743,2
8744,1
8745,1
8746,1
8747,1
8748,9
8749,1
8750,1
8751,1
8752,1
8753,65
8754,1
8755,1
8756,2
8757,1
8758,1
8759,1
8760,3
8761,1
8762,1
8763,1
8764,1
8765,2
8766,6
8767,1
8768,3
8769,1
8770,2
8771,6
8772,41
8773,3
8774,3
8775,1
8776,1
8777,3
8778,56
8779,3
8780,1
8781,3
8782,7
8783,30
8784,3
8785,8
8786,5
8787,1
8788,1
8789,1
8790,1
8791,1
8792,2
8793,1
8794,2
8795,1
8796,2
8797,1
8798,1330
8799,1
8800,5
8801,1
8802,6
8803,5
8804,2
8805,1
8806,3
8807,16
8808,130
8809,1
8810,1
8811,1
8812,2
8813,2
8814,2
8815,1
8816,2
8817,1
8818,6
8819,1
8820,1
8821,3
8822,9
8823,2
8824,1
8825,1
8826,25
8827,51
8828,2
8829,5
8830,3
8831,1
8832,3
8833,2
8834,18
8835,10
8836,1
8837,7
8838,1
8839,1
8840,1
8841,1
8842,1
8843,1
8844,1
8845,1
8846,3
8847,1
8848,4
8849,11
8850,1
8851,1
8852,1
8853,1
8854,10
8855,2
8856,29
8857,1
8858,2
8859,13
8860,12
8861,1
8862,9
8863,1
8864,3
8865,30
8866,4
8867,4
8868,105
8869,1
8870,1
8871,73
8872,1
8873,93
8874,81
8875,4
8876,4
8877,10
8878,1
8879,31
8880,1
8881,8
8882,2
8883,19
8884,2
8885,1
8886,5
8887,2
8888,2
8889,1
8890,1
8891,1
8892,1
8893,1
8894,1
8895,1
8896,1
8897,1
8898,44
8899,1
8900,1
8901,1
8902,1
8903,4
8904,1
8905,1
8906,1
8907,1
8908,10
8909,11
8910,1
8911,1
8912,1
8913,1
8914,8
8915,1
8916,1
8917,2
8918,7
8919,4
8920,1
8921,1
8922,7
8923,1
8924,3
8925,1
8926,47
8927,1
8928,1
8929,4
8930,10
8931,5
8932,3
8933,2
8934,1
8935,1
8936,2
8937,1
8938,1
8939,2
8940,1
8941,10
8942,3
8943,2
8944,1
8945,2
8946,4
8947,13
8948,5
8949,18
8950,13
8951,34
8952,1
8953,2
8954,2
8955,4
8956,11
8957,3
8958,2
8959,14
8960,1
8961,3
8962,29
8963,3
8964,9
8965,1
8966,11
8967,1
8968,1
8969,4
8970,1
8971,3
8972,5
8973,1
8974,2
8975,1
8976,2
8977,1
8978,1
8979,3
8980,1
8981,6
8982,1
8983,3
8984,4
8985,1
8986,1
8987,1
8988,1
8989,1
8990,8
8991,1
8992,1
8993,1
8994,1
8995,2
8996,1
8997,1
8998,49
8999,4
9000,2
9001,3
9002,2
9003,1
9004,1
9005,1
9006,1
9007,4
9008,4
9009,1
9010,2
9011,1
9012,3
9013,32
9014,2
9015,1
9016,4
9017,1
9018,1
9019,1
9020,18
9021,1
9022,2
9023,2
9024,1
9025,1
9026,3
9027,3
9028,1
9029,1
9030,2
9031,1
9032,1
9033,29
9034,1
9035,1
9036,22
9037,1
9038,8
9039,1
9040,1
9041,2
9042,4
9043,1
9044,3
9045,1
9046,1
9047,2
9048,4
9049,2
9050,13
9051,1
9052,6
9053,1
9054,7
9055,1
9056,2
9057,5
9058,2
9059,1
9060,121
9061,1
9062,2
9063,1
9064,1
9065,1
9066,1
9067,1
9068,1
9069,1
9070,8
9071,1
9072,1
9073,15
9074,1
9075,46
9076,6
9077,1
9078,1
9079,1
9080,12
9081,1
9082,4
9083,1
9084,4
9085,1
9086,1
9087,1
9088,7
9089,1
9090,2
9091,1
9092,2
9093,1
9094,4
9095,1
9096,1
9097,2
9098,1
9099,1
9100,37
9101,1
9102,1
9103,13
9104,1
9105,2
9106,1
9107,1
9108,2
9109,1
9110,1
9111,2
9112,1
9113,1
9114,2
9115,1
9116,1
9117,1
9118,2
9119,1
9120,2
9121,2
9122,1
9123,5
9124,4
9125,6
9126,11
9127,1
9128,1
9129,2
9130,4
9131,3
9132,1
9133,1
9134,2
9135,1
9136,1
9137,1
9138,6
9139,4
9140,1
9141,2
9142,1
9143,3
9144,1
9145,3
9146,2
9147,6
9148,1
9149,1
9150,2
9151,19
9152,4
9153,4
9154,1
9155,4
9156,1
9157,14
9158,1
9159,7
9160,2
9161,5
9162,1
9163,1
9164,2
9165,1
9166,1
9167,1
9168,2
9169,1
9170,9
9171,8
9172,4
9173,1
9174,4
9175,2
9176,1
9177,3
9178,11
9179,2
9180,4
9181,2
9182,3
9183,3
9184,186
9185,1
9186,2
9187,216
9188,1
9189,1
9190,4
9191,2
9192,1
9193,2
9194,1
9195,1
9196,1
9197,19
9198,1
9199,4
9200,1
9201,3
9202,24
9203,1
9204,1
9205,1
9206,2
9207,3
9208,103
9209,2
9210,2
9211,8
9212,1
9213,22
9214,1
9215,1
9216,2
9217,2
9218,1
9219,1
9220,1
9221,1
9222,204
9223,1
9224,1
9225,1
9226,1
9227,10
9228,1
9229,2
9230,5
9231,1
9232,9
9233,1
9234,2
9235,9
9236,1
9237,1
9238,2
9239,1
9240,1
9241,1
9242,1
9243,1
9244,1
9245,1
9246,2
9247,1
9248,1
9249,4
9250,1
9251,1
9252,3204
9253,2
9254,1
9255,1
9256,3
9257,1
9258,2
9259,1
9260,1
9261,3
9262,1
9263,2
9264,2
9265,1
9266,1
9267,1
9268,1
9269,3
9270,15
9271,1
9272,4
9273,1
9274,27
9275,1
9276,147
9277,3
9278,1
9279,2
9280,1
9281,1
9282,1
9283,4
9284,6
9285,1
9286,3
9287,1
9288,1
9289,10
9290,1
9291,4
9292,1
9293,1
9294,2
9295,2
9296,1
9297,1
9298,2
9299,2
9300,1
9301,3
9302,4
9303,1
9304,2
9305,3
9306,7
9307,4
9308,1
9309,1
9310,1
9311,1
9312,11
9313,4
9314,5
9315,1
9316,1
9317,13
9318,3
9319,8
9320,2
9321,1
9322,1
9323,18
9324,1
9325,1
9326,1
9327,1
9328,1
9329,1
9330,1
9331,2
9332,2
9333,1
9334,1
9335,1
9336,2
9337,1
9338,1
9339,3
9340,1
9341,1
9342,1
9343,5
9344,1
9345,3
9346,67
9347,1
9348,1
9349,1
9350,1
9351,1
9352,1
9353,1
9354,29
9355,1
9356,1
9357,2
9358,1
9359,1
9360,2
9361,1
9362,1
9363,1
9364,3
9365,3
9366,18
9367,1
9368,1
9369,3
9370,1
9371,1
9372,1
9373,5
9374,5
9375,1
9376,1
9377,2
9378,6
9379,1
9380,1
9381,1
9382,2
9383,2
9384,2
9385,7
9386,1
9387,2
9388,1
9389,1
9390,1
9391,1
9392,1
9393,1
9394,1
9395,1
9396,1
9397,2
9398,1
9399,1
9400,2
9401,53
9402,1
9403,24
9404,12
9405,19
9406,6
9407,18
9408,1
9409,1
9410,7
9411,1
9412,1
9413,1
9414,1
9415,1
9416,188
9417,1
9418,2
9419,1
9420,4
9421,1
9422,1
9423,3
9424,1
9425,10
9426,291
9427,1
9428,1
9429,7
9430,2
9431,1
9432,3
9433,1
9434,1
9435,1
9436,2
9437,2
9438,2
9439,4
9440,8
9441,1
9442,1
9443,2
9444,7
9445,1
9446,1
9447,1
9448,1
9449,3
9450,1
9451,1
9452,3
9453,3
9454,1
9455,1
9456,488
9457,1
9458,1
9459,1
9460,12
9461,2
9462,1
9463,9
9464,2
9465,1
9466,1
9467,6
9468,1
9469,25
9470,4
9471,4
9472,3
9473,1
9474,1
9475,3
9476,1
9477,1
9478,1
9479,22
9480,1
9481,53
9482,2
9483,1
9484,2
9485,1
9486,2
9487,3
9488,1
9489,2
9490,1
9491,1
9492,3
9493,2
9494,1
9495,1
9496,1
9497,2
9498,1
9499,1
9500,1
9501,3
9502,1
9503,1
9504,2
9505,1
9506,1
9507,1
9508,8
9509,4
9510,1
9511,1
9512,2
9513,1
9514,1
9515,18
9516,1
9517,1
9518,4
9519,1
9520,141
9521,4
9522,18
9523,1
9524,1
9525,1
9526,1
9527,52
9528,1
9529,1
9530,1
9531,1
9532,1
9533,2
9534,1
9535,1
9536,1
9537,4
9538,1
9539,1
9540,6
9541,1
9542,2
9543,1
9544,1
9545,1
9546,1
9547,1
9548,2
9549,1
9550,1
9551,2
9552,1
9553,1
9554,2
9555,1
9556,3
9557,3
9558,1
9559,3
9560,1
9561,2
9562,8
9563,16
9564,1
9565,1
9566,54
9567,8
9568,1
9569,1
9570,1
9571,6
9572,20
9573,1
9574,1
9575,3
9576,1
9577,11
9578,1
9579,3
9580,1
9581,1
9582,11
9583,1
9584,1
9585,1
9586,1
9587,1
9588,2
9589,2
9590,1
9591,491
9592,62
9593,1
9594,4
9595,2
9596,4
9597,1
9598,1
9599,1
9600,1
9601,556
9602,9
9603,2
9604,8
9605,1
9606,1
9607,1
9608,25
9609,1
9610,2
9611,2
9612,1
9613,2
9614,6
9615,1
9616,1
9617,1
9618,4
9619,1
9620,1
9621,1
9622,1
9623,4
9624,1
9625,4
9626,45
9627,12
9628,1
9629,1
9630,1
9631,9
9632,1
9633,4
9634,7
9635,2
9636,1
9637,1
9638,6
9639,1
9640,1
9641,503
9642,1
9643,68
9644,5
9645,1
9646,1
9647,1
9648,1
9649,1
9650,1
9651,4
9652,7
9653,1
9654,1
9655,1
9656,2
9657,3
9658,1
9659,2
9660,1
9661,2
9662,6
9663,1120
9664,9
9665,1
9666,1
9667,2
9668,1
9669,3
9670,1
9671,1
9672,2
9673,1
9674,2
9675,2
9676,1
9677,1
9678,1
9679,1
9680,192
9681,4
9682,1
9683,12
9684,1
9685,27
9686,4
9687,1
9688,11
9689,1
9690,1
9691,2
9692,7
9693,1
9694,10
9695,1
9696,1
9697,2
9698,1
9699,1
9700,9
9701,51
9702,1
9703,1
9704,3
9705,56
9706,1
9707,1
9708,2
9709,1
9710,2
9711,1
9712,1
9713,4
9714,1
9715,1
9716,2
9717,4
9718,8
9719,1
9720,2
9721,3
9722,1
9723,1
9724,1
9725,3
9726,1
9727,2
9728,4
9729,2
9730,1
9731,1
9732,5
9733,18
9734,1
9735,29
9736,2
9737,6
9738,3
9739,2
9740,2
9741,1
9742,1
9743,3
9744,46
9745,11
9746,1
9747,1
9748,1
9749,1
9750,1
9751,2
9752,1
9753,1
9754,1
9755,3
9756,1
9757,13
9758,1
9759,3
9760,1
9761,2
9762,1
9763,1
9764,1
9765,1
9766,2
9767,1
9768,1
9769,4
9770,8
9771,2
9772,1
9773,5
9774,2
9775,1
9776,5
9777,55
9778,3
9779,34
9780,3
9781,44
9782,1
9783,1
9784,1
9785,2
9786,1
9787,1
9788,2
9789,6
9790,4
9791,65
9792,2
9793,2
9794,1
9795,23
9796,3
9797,5
9798,4
9799,1
9800,1
9801,2
9802,4
9803,1
9804,8
9805,1
9806,4
9807,31
9808,9
9809,4
9810,61
9811,39
9812,1
9813,1
9814,1
9815,2
9816,1
9817,1
9818,9
9819,1
9820,1
9821,1
9822,1
9823,4
9824,1
9825,21
9826,4
9827,1
9828,3
9829,7
9830,1
9831,1
9832,1
9833,1
9834,1
9835,1
9836,1
9837,3
9838,4
9839,1
9840,6
9841,2
9842,8
9843,1
9844,8
9845,22
9846,2
9847,1
9848,52
9849,4
9850,1
9851,1
9852,1
9853,225
9854,1
9855,2
9856,1
9857,3
9858,2
9859,2
9860,17
9861,28
9862,3
9863,4
9864,1
9865,2
9866,1
9867,1
9868,5
9869,2
9870,1
9871,1
9872,2
9873,2
9874,1
9875,1
9876,1
9877,1
9878,1
9879,1
9880,5
9881,2
9882,1
9883,105
9884,1
9885,1
9886,2
9887,6
9888,1
9889,1
9890,3
9891,5
9892,1
9893,1
9894,1
9895,17
9896,13
9897,5
9898,1
9899,1
9900,4
9901,2
9902,75
9903,1
9904,3
9905,1
9906,8
9907,1
9908,1
9909,11
9910,6
9911,1
9912,1
9913,1
9914,1
9915,1
9916,2
9917,26
9918,1
9919,1
9920,1
9921,2
9922,1
9923,4
9924,1
9925,3
9926,1
9927,5
9928,5
9929,1
9930,3
9931,5
9932,4
9933,1
9934,2
9935,2
9936,2
9937,1
9938,1
9939,1
9940,1
9941,1
9942,1
9943,1
9944,5
9945,2
9946,1
9947,1
9948,1
9949,3
9950,61
9951,1
9952,1
9953,3
9954,1
9955,1
9956,9
9957,5
9958,1
9959,1
9960,3
9961,1
9962,3
9963,36
9964,1
9965,1
9966,1
9967,1
9968,1
9969,2
9970,1
9971,1
9972,2
9973,1
9974,2002
9975,3
9976,1
9977,1
9978,1
9979,4
9980,13
9981,5
9982,4
9983,1
9984,1
9985,2
9986,2
9987,2
9988,16
9989,1
9990,1
9991,2
9992,1
9993,2
9994,5
9995,4
9996,1
9997,1
9998,1
9999,1
